"コード","銘柄名","市場","現在値","前日比(%)"
"1301","極洋","東P","4670","+55.0(+1.19%)"
"130A","Ｖｅｒｉｔａｓ　Ｉｎ　Ｓｉｌｉ","東G","411","+1.0(+0.24%)"
"1332","ニッスイ","東P","1340.5","+36.0(+2.76%)"
"1333","Ｕｍｉｏｓ","東P","1378.5","+24.0(+1.77%)"
"135A","ＶＲＡＩＮ　Ｓｏｌｕｔｉｏｎ","東G","3565","+30.0(+0.85%)"
"1375","ユキグニファクトリー","東P","1204","+40.0(+3.44%)"
"1376","カネコ種苗","東S","1575","+39.0(+2.54%)"
"1377","サカタのタネ","東P","4525","+85.0(+1.91%)"
"1379","ホクト","東P","1989","+31.0(+1.58%)"
"137A","Ｃｏｃｏｌｉｖｅ","東G","663","-19.0(-2.79%)"
"1380","秋川牧園","東S","999","+1.0(+0.10%)"
"1381","アクシーズ","東S","3425","-90.0(-2.56%)"
"1382","ホーブ","東S","830","-14.0(-1.66%)"
"1383","ベルグアース","東S","3030","+5.0(+0.17%)"
"1384","ホクリヨウ","東S","2022","+7.0(+0.35%)"
"138A","光フードサービス","東G","2921","-29.0(-0.98%)"
"1401","エムビーエス","東G","1265","+5.0(+0.40%)"
"1407","ウエストＨＬＤＧ","東S","2648","+14.0(+0.53%)"
"1414","ショーボンドＨＬＤＧ","東P","1353.0","+23.0(+1.73%)"
"1417","ミライト・ワン","東P","3578.0","-33.0(-0.91%)"
"1418","インターライフＨＬＤＧ","東S","604","+17.0(+2.90%)"
"1419","タマホーム","東P","3105","+90.0(+2.99%)"
"141A","トライアルＨＬＤＧ","東G","3035","-10.0(-0.33%)"
"1420","サンヨーホームズ","東S","644","-1.0(-0.16%)"
"1429","日本アクア","東P","763","+13.0(+1.73%)"
"142A","ジンジブ","東G","760","-12.0(-1.55%)"
"1430","ファーストコーポレーション","東S","1014","+6.0(+0.60%)"
"1431","Ｌｉｂ　Ｗｏｒｋ","東G","656","+13.0(+2.02%)"
"1433","ベステラ","東P","1137","-10.0(-0.87%)"
"1434","ＪＥＳＣＯ　ＨＬＤＧ","東S","1618","-55.0(-3.29%)"
"1435","ｒｏｂｏｔ　ｈｏｍｅ","東S","161","-2.0(-1.23%)"
"1436","グリーンエナジー＆カンパニー","東G","1221","-51.0(-4.01%)"
"1438","岐阜造園","東S","1950","+10.0(+0.52%)"
"143A","イシン","東G","657","-20.0(-2.95%)"
"1443","技研ＨＬＤＧ","東S","251","+4.0(+1.62%)"
"1444","ニッソウ","東G","2826","-7.0(-0.25%)"
"1446","キャンディル","東S","536","-4.0(-0.74%)"
"1447","ＳＡＡＦＨＬＤＧ","東G","383","+18.0(+4.93%)"
"1450","ＴＡＮＡＫＥＮ","東S","1449","+55.0(+3.95%)"
"145A","Ｌ　ｉｓ　Ｂ","東G","829","-25.0(-2.93%)"
"146A","コロンビア・ワークス","東S","3110","-5.0(-0.16%)"
"147A","ソラコム","東G","1011","+4.0(+0.40%)"
"148A","ハッチ・ワーク","東G","1670","+0.0(+0.00%)"
"1491","中外鉱業","東S","723","+9.0(+1.26%)"
"149A","シンカ","東G","737","-8.0(-1.07%)"
"150A","ＪＳＨ","東G","454","+7.0(+1.57%)"
"1514","住石ＨＬＤＧ","東S","570","-11.0(-1.89%)"
"1515","日鉄鉱業","東P","2700","-149.0(-5.23%)"
"1518","三井松島ＨＬＤＧ","東P","2349","+37.0(+1.60%)"
"151A","ダイブグループ","東G","645","+3.0(+0.47%)"
"153A","カウリス","東G","1174","-16.0(-1.34%)"
"155A","情報戦略テクノロジー","東G","814","-18.0(-2.16%)"
"156A","マテリアルグループ","東G","831","-3.0(-0.36%)"
"157A","グリーンモンスター","東G","713","-62.0(-8.00%)"
"1605","ＩＮＰＥＸ","東P","3616.0","+50.0(+1.40%)"
"160A","アズパートナーズ","東S","2057","-11.0(-0.53%)"
"1662","石油資源開発","東P","1766","+34.0(+1.96%)"
"1663","Ｋ＆Ｏエナジーグループ","東P","1826","+25.0(+1.39%)"
"166A","タスキＨＬＤＧ","東P","1064","-3.0(-0.28%)"
"167A","リョーサン菱洋ＨＬＤＧ","東P","2840","+15.0(+0.53%)"
"168A","イタミアート","東G","1069","+2.0(+0.19%)"
"1711","ＳＤＳＨＬＤＧ","東S","233","+0.0(+0.00%)"
"1716","第一カッター興業","東S","1400","+18.0(+1.30%)"
"1717","明豊ファシリティワークス","東S","946","+2.0(+0.21%)"
"1718","美樹工業","東S","6800","-120.0(-1.73%)"
"1719","安藤・間","東P","1828.0","-3.0(-0.16%)"
"1720","東急建設","東P","1159","-14.0(-1.19%)"
"1721","コムシスＨＬＤＧ","東P","5257.0","-13.0(-0.25%)"
"1723","日本電技","東S","2101","-239.0(-10.21%)"
"1724","シンクレイヤ","東S","683","+3.0(+0.44%)"
"1736","オーテック","東S","2432","-1.0(-0.04%)"
"173A","ハンモック","東G","1521","+2.0(+0.13%)"
"1758","太洋基礎工業","東S","2425","+25.0(+1.04%)"
"175A","Ｗｉｌｌ　Ｓｍａｒｔ","東G","602","-3.0(-0.50%)"
"1762","高松コンストラクショングループ","東P","3805","-40.0(-1.04%)"
"1764","工藤建設","東S","-","- (-%)"
"1766","東建コーポレーション","東P","13670","+260.0(+1.94%)"
"1768","ソネック","東S","1067","-9.0(-0.84%)"
"1770","藤田エンジニアリング","東S","2050","-133.0(-6.09%)"
"1773","ワイ・ティー・エル","東P","77","+0.0(+0.00%)"
"177A","コージンバイオ","東G","882","-8.0(-0.90%)"
"1780","ヤマウラ","東P","1544","+0.0(+0.00%)"
"1783","ｆａｎｔａｓｉｓｔａ","東S","48","-2.0(-4.00%)"
"1786","オリエンタル白石","東P","374","+5.0(+1.36%)"
"1787","ナカボーテック","東S","-","- (-%)"
"1788","三東工業社","東S","4200","+0.0(+0.00%)"
"1793","大本組","東S","2025","-27.0(-1.32%)"
"1795","マサル","東S","5500","+10.0(+0.18%)"
"1798","守谷商会","東S","1049","-11.0(-1.04%)"
"1799","第一建設工業","東S","3435","+25.0(+0.73%)"
"1801","大成建設","東P","13035.0","-415.0(-3.09%)"
"1802","大林組","東P","3263.0","-10.0(-0.31%)"
"1803","清水建設","東P","2391.5","-85.0(-3.43%)"
"1807","佐藤渡辺","東S","1866","+5.0(+0.27%)"
"1808","長谷工コーポレーション","東P","2902.5","+59.5(+2.09%)"
"1810","松井建設","東S","1464","+13.0(+0.90%)"
"1811","錢高組","東S","7960","-210.0(-2.57%)"
"1812","鹿島建設","東P","5397.0","-88.0(-1.60%)"
"1813","不動テトラ","東P","2620","-58.0(-2.17%)"
"1814","大末建設","東P","3490","-115.0(-3.19%)"
"1815","鉄建建設","東P","4400","-55.0(-1.23%)"
"1820","西松建設","東P","5307.0","-78.0(-1.45%)"
"1822","大豊建設","東S","788","-1.0(-0.13%)"
"1826","佐田建設","東S","1077","+1.0(+0.09%)"
"1827","ナカノフドー建設","東S","1362","+37.0(+2.79%)"
"1828","田辺工業","東S","2300","+4.0(+0.17%)"
"1833","奥村組","東P","5810","-40.0(-0.68%)"
"1835","東鉄工業","東P","4170","-40.0(-0.95%)"
"1840","土屋ＨＬＤＧ","東S","243","-1.0(-0.41%)"
"1844","大盛工業","東S","502","+3.0(+0.60%)"
"1847","イチケン","東S","2665","-39.0(-1.44%)"
"1848","富士ピー・エス","東S","705","+68.0(+10.68%)"
"184A","学びエイド","東G","316","-36.0(-10.23%)"
"1850","南海辰村建設","東S","417","-10.0(-2.34%)"
"1852","淺沼組","東P","873","+1.0(+0.11%)"
"1853","森組","東S","331","-4.0(-1.19%)"
"1860","戸田建設","東P","1504.0","-16.5(-1.09%)"
"1861","熊谷組","東P","1426","-22.0(-1.52%)"
"1866","北野建設","東S","1117","+5.0(+0.45%)"
"1867","植木組","東S","2737","-44.0(-1.58%)"
"186A","アストロスケールＨＬＤＧ","東G","906","-98.0(-9.76%)"
"1870","矢作建設工業","東P","1946","+10.0(+0.52%)"
"1871","ピーエス・コンストラクション","東P","2224","+11.0(+0.50%)"
"1873","日本ハウスＨＬＤＧ","東P","314","+3.0(+0.96%)"
"1878","大東建託","東P","3601.0","+201.0(+5.91%)"
"1879","新日本建設","東P","2108","-4.0(-0.19%)"
"1882","東亜道路工業","東P","1638","+4.0(+0.24%)"
"1885","東亜建設工業","東P","1990","-59.0(-2.88%)"
"1887","日本国土開発","東P","517","+4.0(+0.78%)"
"1888","若築建設","東P","3730","+230.0(+6.57%)"
"1893","五洋建設","東P","1443.5","-81.0(-5.31%)"
"1897","金下建設","東S","-","- (-%)"
"1898","世紀東急工業","東P","1508","+19.0(+1.28%)"
"1899","福田組","東P","3860","-25.0(-0.64%)"
"189A","Ｄ＆Ｍカンパニー","東G","1000","-8.0(-0.79%)"
"1904","大成温調","東S","5070","-20.0(-0.39%)"
"1905","テノックス","東S","1489","+6.0(+0.40%)"
"1909","日本ドライケミカル","東S","3695","+0.0(+0.00%)"
"190A","Ｃｈｏｒｄｉａ　Ｔｈｅｒａｐｅ","東G","73","-2.0(-2.67%)"
"1911","住友林業","東P","1406.5","+32.0(+2.33%)"
"1914","日本基礎技術","東S","732","+12.0(+1.67%)"
"1921","巴コーポレーション","東S","1724","+5.0(+0.29%)"
"1925","大和ハウス工業","東P","4909.0","+144.0(+3.02%)"
"1926","ライト工業","東P","3825","-40.0(-1.03%)"
"1928","積水ハウス","東P","3750.0","+93.0(+2.54%)"
"1929","日特建設","東P","1172","+33.0(+2.90%)"
"192A","インテグループ","東G","1205","+1.0(+0.08%)"
"1930","北陸電気工事","東P","1466","-9.0(-0.61%)"
"1934","ユアテック","東P","2397","-45.0(-1.84%)"
"1938","日本リーテック","東P","2399","-49.0(-2.00%)"
"1939","四電工","東P","1983","-14.0(-0.70%)"
"1941","中電工","東P","4975","-85.0(-1.68%)"
"1942","関電工","東P","5596.0","-309.0(-5.23%)"
"1944","きんでん","東P","7202.0","-494.0(-6.42%)"
"1945","東京エネシス","東P","1921","-34.0(-1.74%)"
"1946","トーエネック","東P","1993","-76.0(-3.67%)"
"1948","弘電社","東S","11400","+0.0(+0.00%)"
"194A","ＷＯＬＶＥＳ　ＨＡＮＤ","東G","1262","-39.0(-3.00%)"
"1950","日本電設工業","東P","3935","-80.0(-1.99%)"
"1951","エクシオグループ","東P","2645.0","-25.0(-0.94%)"
"1952","新日本空調","東P","3130","-210.0(-6.29%)"
"1959","クラフティア","東P","8912.0","-33.0(-0.37%)"
"195A","ＭＵＳＣＡＴ　ＧＲＯＵＰ","東G","729","-57.0(-7.25%)"
"1960","サンテック","東S","1433","-15.0(-1.04%)"
"1961","三機工業","東P","2203","-135.0(-5.77%)"
"1963","日揮ＨＬＤＧ","東P","2225.5","-68.5(-2.99%)"
"1964","中外炉工業","東P","3815","-5.0(-0.13%)"
"1965","テクノ菱和","東S","5440","-680.0(-11.11%)"
"1966","高田工業所","東S","1696","-14.0(-0.82%)"
"1967","ヤマト","東S","1976","-36.0(-1.79%)"
"1968","太平電業","東P","2393","-47.0(-1.93%)"
"1969","高砂熱学工業","東P","4148.0","-242.0(-5.51%)"
"196A","ＭＦＳ","東G","274","+0.0(+0.00%)"
"1972","三晃金属工業","東S","1298","+24.0(+1.88%)"
"1975","朝日工業社","東P","3680","-260.0(-6.60%)"
"1976","明星工業","東P","1983","+7.0(+0.35%)"
"1979","大氣社","東P","4220","-155.0(-3.54%)"
"197A","タウンズ","東S","482","+9.0(+1.90%)"
"1980","ダイダン","東P","2368","-198.0(-7.72%)"
"1981","協和日成","東S","1354","+11.0(+0.82%)"
"1982","日比谷総合設備","東P","2778","-72.0(-2.53%)"
"198A","ＰｏｓｔＰｒｉｍｅ","東G","152","-5.0(-3.18%)"
"1992","神田通信機","東S","3150","+70.0(+2.27%)"
"1994","高橋カーテンウォール工業","東S","547","+2.0(+0.37%)"
"1997","暁飯島工業","東S","3685","-65.0(-1.73%)"
"2001","ニップン","東P","2956","+50.0(+1.72%)"
"2002","日清製粉グループ本社","東P","2173.5","+67.0(+3.18%)"
"2003","日東富士製粉","東S","1900","+49.0(+2.65%)"
"2004","昭和産業","東P","3635","+45.0(+1.25%)"
"2009","鳥越製粉","東S","1091","+4.0(+0.37%)"
"2053","中部飼料","東P","2000","+31.0(+1.57%)"
"2055","日和産業","東S","328","-4.0(-1.20%)"
"205A","ロゴスＨＬＤＧ","東G","1898","-3.0(-0.16%)"
"2060","フィード・ワン","東P","1331","+37.0(+2.86%)"
"206A","ＰＲＩＳＭ　ＢｉｏＬａｂ","東G","144","-3.0(-2.04%)"
"208A","構造計画研究所ＨＬＤＧ","東S","2947","+37.0(+1.27%)"
"2108","日本甜菜製糖","東P","5250","+130.0(+2.54%)"
"2109","ＤＭ三井製糖","東P","3585","+120.0(+3.46%)"
"2112","塩水港精糖","東S","451","-1.0(-0.22%)"
"2114","フジ日本","東S","641","-1.0(-0.16%)"
"2117","ウェルネオシュガー","東P","2867","+76.0(+2.72%)"
"211A","カドス","東S","3870","+15.0(+0.39%)"
"2120","ＬＩＦＵＬＬ","東P","202","+6.0(+3.06%)"
"2121","ＭＩＸＩ","東P","2994","+65.0(+2.22%)"
"2122","インタースペース","東S","1399","+2.0(+0.14%)"
"2124","ジェイエイシーリクルートメント","東P","988","+36.0(+3.78%)"
"2127","日本Ｍ＆ＡセンターＨＬＤＧ","東P","696.5","+16.6(+2.44%)"
"212A","フィットイージー","東P","2728","-12.0(-0.44%)"
"2130","メンバーズ","東P","1107","+24.0(+2.22%)"
"2134","北浜キャピタルパートナーズ","東S","24","-1.0(-4.00%)"
"2136","ヒップ","東S","1430","+0.0(+0.00%)"
"2138","クルーズ","東S","454","+0.0(+0.00%)"
"2139","中広","東S","530","-3.0(-0.56%)"
"2146","ＵＴグループ","東P","187","+3.0(+1.63%)"
"2148","アイティメディア","東P","1199","+18.0(+1.52%)"
"2152","幼児活動研究会","東S","1571","-49.0(-3.02%)"
"2153","Ｅ・Ｊ　ＨＬＤＧ","東P","1779","+17.0(+0.96%)"
"2154","オープンアップグループ","東P","2080","+28.0(+1.36%)"
"2156","セーラー広告","東S","263","-2.0(-0.75%)"
"2157","コシダカＨＬＤＧ","東P","1096","+29.0(+2.72%)"
"2158","ＦＲＯＮＴＥＯ","東G","615","+1.0(+0.16%)"
"215A","タイミー","東G","1495","+81.0(+5.73%)"
"2160","ジーエヌアイグループ","東G","2300","-156.0(-6.35%)"
"2162","ｎｍｓ　ＨＬＤＧ","東S","537","+1.0(+0.19%)"
"2163","アルトナー","東P","2016","+3.0(+0.15%)"
"2164","地域新聞社","東S","160","+1.0(+0.63%)"
"2168","パソナグループ","東P","1611","+31.0(+1.96%)"
"2169","ＣＤＳ","東S","1710","-2.0(-0.12%)"
"2170","リンクアンドモチベーション","東P","644","+32.0(+5.23%)"
"2173","博展","東G","699","+10.0(+1.45%)"
"2175","エス・エム・エス","東P","2372","+20.0(+0.85%)"
"2179","成学社","東S","811","+0.0(+0.00%)"
"2180","サニーサイドアップグループ","東S","1309","+2.0(+0.15%)"
"2181","パーソルＨＬＤＧ","東P","276.8","+7.3(+2.71%)"
"2183","リニカル","東S","204","-3.0(-1.45%)"
"2185","シイエム・シイ","東S","1884","+2.0(+0.11%)"
"2186","ソーバル","東S","918","+3.0(+0.33%)"
"218A","Ｌｉｂｅｒａｗａｒｅ","東G","1004","+22.0(+2.24%)"
"2193","クックパッド","東S","119","+3.0(+2.59%)"
"2195","アミタＨＬＤＧ","東G","325","+1.0(+0.31%)"
"2198","アイ・ケイ・ケイＨＬＤＧ","東P","808","+12.0(+1.51%)"
"219A","Ｈｅａｒｔｓｅｅｄ","東G","1640","-87.0(-5.04%)"
"2201","森永製菓","東P","2800.0","+73.5(+2.70%)"
"2204","中村屋","東S","3350","+65.0(+1.98%)"
"2206","江崎グリコ","東P","5299.0","+167.0(+3.25%)"
"2207","ｍｅｉｔｏ","東P","3260","+115.0(+3.66%)"
"2208","ブルボン","東S","3210","+25.0(+0.78%)"
"2209","井村屋グループ","東P","2465","+38.0(+1.57%)"
"220A","Ｆａｂｅｒ　Ｃｏｍｐａｎｙ","東S","926","-1.0(-0.11%)"
"2211","不二家","東P","2515","+31.0(+1.25%)"
"2212","山崎製パン","東P","3676.0","+148.0(+4.20%)"
"2215","第一屋製パン","東S","600","+0.0(+0.00%)"
"2216","カンロ","東S","1272","+49.0(+4.01%)"
"2217","モロゾフ","東P","1621","+16.0(+1.00%)"
"2220","亀田製菓","東P","1299","+49.0(+3.92%)"
"2221","岩塚製菓","東S","3105","+35.0(+1.14%)"
"2222","寿スピリッツ","東P","2559.5","+5.5(+0.22%)"
"2224","コモ","東S","3665","-5.0(-0.14%)"
"2226","湖池屋","東S","4780","+0.0(+0.00%)"
"2229","カルビー","東P","3195.0","+134.0(+4.38%)"
"2264","森永乳業","東P","1305.5","+35.5(+2.80%)"
"2266","六甲バター","東P","1121","+33.0(+3.03%)"
"2267","ヤクルト本社","東P","2911.5","+99.0(+3.52%)"
"2268","Ｂ―Ｒ　サーティワン　アイス","東S","4090","+20.0(+0.49%)"
"2269","明治ＨＬＤＧ","東P","3973.0","+139.0(+3.63%)"
"2270","雪印メグミルク","東P","4005","+130.0(+3.35%)"
"2281","プリマハム","東P","2555","+53.0(+2.12%)"
"2282","日本ハム","東P","6670.0","+195.0(+3.01%)"
"2286","林兼産業","東S","900","+0.0(+0.00%)"
"2288","丸大食品","東P","2408","+73.0(+3.13%)"
"228A","オプロ","東G","1603","-7.0(-0.43%)"
"2291","福留ハム","東S","520","-7.0(-1.33%)"
"2292","Ｓ　ＦＯＯＤＳ","東P","2884","+48.0(+1.69%)"
"2293","滝沢ハム","東S","2721","+1.0(+0.04%)"
"2294","柿安本店","東P","2679","+29.0(+1.09%)"
"2296","伊藤ハム米久ＨＬＤＧ","東P","5120","+110.0(+2.20%)"
"2300","きょくとう","東S","502","+2.0(+0.40%)"
"2301","学情","東P","1650","+6.0(+0.36%)"
"2303","ドーン","東S","1229","-3.0(-0.24%)"
"2304","ＣＳＳ　ＨＬＤＧ","東S","935","-5.0(-0.53%)"
"2305","スタジオアリス","東S","2025","+44.0(+2.22%)"
"2307","クロスキャット","東P","1008","+18.0(+1.82%)"
"2311","エプコ","東S","780","-4.0(-0.51%)"
"2315","ＣＡＩＣＡ　ＤＩＧＩＴＡＬ","東S","57","-1.0(-1.72%)"
"2317","システナ","東P","455","+14.0(+3.17%)"
"2321","ソフトフロントＨＬＤＧ","東G","119","-4.0(-3.25%)"
"2323","ｆｏｎｆｕｎ","東S","261","-6.0(-2.25%)"
"2325","ＮＪＳ","東P","4590","+155.0(+3.49%)"
"2326","デジタルアーツ","東P","4165","+65.0(+1.59%)"
"2327","日鉄ソリューションズ","東P","3985.0","+57.0(+1.45%)"
"2329","東北新社","東S","499","-1.0(-0.20%)"
"2330","フォーサイド","東S","73","+0.0(+0.00%)"
"2331","ＡＬＳＯＫ","東P","1228.5","+31.5(+2.63%)"
"2332","クエスト","東S","1616","-32.0(-1.94%)"
"2334","イオレ","東G","458","-22.0(-4.58%)"
"2335","キューブシステム","東P","1104","+15.0(+1.38%)"
"2337","いちご","東P","431","+1.0(+0.23%)"
"2338","クオンタムソリューションズ","東S","122","-8.0(-6.15%)"
"2340","極楽湯ＨＬＤＧ","東S","500","+0.0(+0.00%)"
"2341","アルバイトタイムス","東S","164","-3.0(-1.80%)"
"2342","トランスジェニックグループ","東S","206","-5.0(-2.37%)"
"2345","ＨＯＤＬ１","東S","89","-4.0(-4.30%)"
"2349","エヌアイデイ","東S","2521","-2.0(-0.08%)"
"2351","ＡＳＪ","東S","316","-5.0(-1.56%)"
"2353","日本駐車場開発","東P","268","+6.0(+2.29%)"
"2354","ＹＥ　ＤＩＧＩＴＡＬ","東S","1320","+53.0(+4.18%)"
"2359","コア","東P","2044","+32.0(+1.59%)"
"2370","メディネット","東G","26","+2.0(+8.33%)"
"2371","カカクコム","東P","3690.0","+40.0(+1.10%)"
"2373","ケア２１","東S","404","+1.0(+0.25%)"
"2375","ギグワークス","東S","206","+5.0(+2.49%)"
"2376","サイネックス","東S","766","+0.0(+0.00%)"
"2378","ルネサンス","東P","1085","+24.0(+2.26%)"
"2379","ディップ","東P","1905","+48.0(+2.58%)"
"2384","ＳＢＳ　ＨＬＤＧ","東P","4570","+70.0(+1.56%)"
"2385","総医研ＨＬＤＧ","東G","216","+0.0(+0.00%)"
"2388","ウェッジＨＬＤＧ","東G","36","-2.0(-5.26%)"
"2391","プラネット","東S","1210","+0.0(+0.00%)"
"2393","日本ケアサプライ","東S","3920","-15.0(-0.38%)"
"2395","新日本科学","東P","1333","+17.0(+1.29%)"
"2404","鉄人化ＨＬＤＧ","東S","595","+1.0(+0.17%)"
"2408","ＫＧ情報","東S","841","-13.0(-1.52%)"
"2410","キャリアデザインセンター","東P","2914","+16.0(+0.55%)"
"2411","ゲンダイエージェンシー","東S","460","+0.0(+0.00%)"
"2413","エムスリー","東P","1984.0","+63.5(+3.31%)"
"2415","ヒューマンＨＬＤＧ","東S","1588","+15.0(+0.95%)"
"2418","ツカダ・グローバルＨＬＤＧ","東S","600","+0.0(+0.00%)"
"241A","ＲＯＸＸ","東G","396","-3.0(-0.75%)"
"2424","ブラス","東S","634","+3.0(+0.48%)"
"2425","ケアサービス","東S","688","+23.0(+3.46%)"
"2428","ウェルネット","東S","655","+7.0(+1.08%)"
"2429","ワールドＨＬＤＧ","東P","2735","+6.0(+0.22%)"
"2432","ディー・エヌ・エー","東P","2544.5","+75.5(+3.06%)"
"2433","博報堂ＤＹ　ＨＬＤＧ","東P","1392.5","+77.5(+5.89%)"
"2435","シダー","東S","208","+0.0(+0.00%)"
"2436","共同ピーアール","東S","620","+10.0(+1.64%)"
"2437","Ｓｈｉｎｗａ　Ｗｉｓｅ　ＨＬＤ","東S","695","+15.0(+2.21%)"
"2438","アスカネット","東G","326","-1.0(-0.31%)"
"2440","ぐるなび","東S","123","-1.0(-0.81%)"
"2445","タカミヤ","東S","425","+10.0(+2.41%)"
"2449","プラップジャパン","東S","1079","+4.0(+0.37%)"
"244A","グロースエクスパートナーズ","東G","1183","+3.0(+0.25%)"
"2454","オールアバウト","東S","345","-1.0(-0.29%)"
"2459","アウンコンサルティング","東S","172","+3.0(+1.78%)"
"245A","ＩＮＧＳ","東G","2493","+8.0(+0.32%)"
"2461","ファンコミュニケーションズ","東P","412","+6.0(+1.48%)"
"2462","ライク","東P","1542","+26.0(+1.72%)"
"2464","Ａｏｂａ−ＢＢＴ","東S","330","+1.0(+0.30%)"
"2469","ヒビノ","東S","2696","-28.0(-1.03%)"
"246A","アスア","東G","1089","+5.0(+0.46%)"
"2471","エスプール","東P","278","+8.0(+2.96%)"
"2475","ＷＤＢ　ＨＬＤＧ","東P","1855","+25.0(+1.37%)"
"2477","手間いらず","東S","2416","+52.0(+2.20%)"
"2479","ジェイテック","東S","239","-1.0(-0.42%)"
"247A","Ａｉロボティクス","東G","808","+14.0(+1.76%)"
"2480","システム・ロケーション","東S","1708","-1.0(-0.06%)"
"2481","タウンニュース社","東S","631","-3.0(-0.47%)"
"2483","翻訳センター","東S","2319","+52.0(+2.29%)"
"2484","出前館","東S","133","+3.0(+2.31%)"
"2485","ティア","東S","476","-1.0(-0.21%)"
"2488","ＪＴＰ","東S","1386","+1.0(+0.07%)"
"2489","アドウェイズ","東S","316","+10.0(+3.27%)"
"248A","キッズスター","東G","845","+0.0(+0.00%)"
"2491","バリューコマース","東P","471","+6.0(+1.29%)"
"2492","インフォマート","東P","563","+14.0(+2.55%)"
"2493","イーサポートリンク","東S","942","+4.0(+0.43%)"
"2497","ユナイテッド","東G","527","+9.0(+1.74%)"
"2498","オリエンタルコンサルタンツＨＤ","東S","3135","-40.0(-1.26%)"
"2499","日本和装ＨＬＤＧ","東S","293","-3.0(-1.01%)"
"2501","サッポロビール","東P","2163.0","+55.0(+2.61%)"
"2502","アサヒグループＨＬＤＧ","東P","1776.5","+56.0(+3.25%)"
"2503","キリンＨＬＤＧ","東P","3133.0","+135.0(+4.50%)"
"250A","シマダヤ","東S","1705","+39.0(+2.34%)"
"2531","宝ＨＬＤＧ","東P","2155.0","+36.5(+1.72%)"
"2533","オエノンＨＬＤＧ","東P","521","+19.0(+3.78%)"
"253A","ＥＴＳグループ","東S","1091","-24.0(-2.15%)"
"254A","ＡＩ　フュージョンキャピタルグ","東S","1250","-19.0(-1.50%)"
"255A","ジーエルテクノＨＬＤＧ","東S","5020","-330.0(-6.17%)"
"256A","飛島ＨＬＤＧ","東P","2073","+6.0(+0.29%)"
"2573","北海道コカ・コーラボトリング","東S","4015","+20.0(+0.50%)"
"2579","コカ・コーラボトラーズＪＰＨＤ","東P","4591.0","+177.0(+4.01%)"
"2585","ライフドリンク　カンパニー","東P","1507","+19.0(+1.28%)"
"2586","フルッタフルッタ","東G","93","+2.0(+2.20%)"
"2587","サントリービバレッジ＆フード","東P","4950.0","+150.0(+3.13%)"
"2588","プレミアムウォーターＨＬＤＧ","東S","3875","+75.0(+1.97%)"
"2590","ダイドーグループＨＬＤＧ","東P","3090","+75.0(+2.49%)"
"2593","伊藤園","東P","3236.0","+139.0(+4.49%)"
"2594","キーコーヒー","東P","2016","+12.0(+0.60%)"
"2597","ユニカフェ","東S","1143","+0.0(+0.00%)"
"2602","日清オイリオグループ","東P","2007","+21.0(+1.06%)"
"2607","不二製油","東P","4174.0","+190.0(+4.77%)"
"2612","かどや製油","東S","1775","+5.0(+0.28%)"
"2613","Ｊ―オイルミルズ","東P","2143","+38.0(+1.81%)"
"261A","日水コン","東S","2013","-1.0(-0.05%)"
"262A","インターメスティック","東P","1892","+13.0(+0.69%)"
"264A","Ｓｃｈｏｏ","東G","274","+0.0(+0.00%)"
"2652","まんだらけ","東S","422","+17.0(+4.20%)"
"2653","イオン九州","東S","2847","+2.0(+0.07%)"
"2654","アスモ","東S","404","+2.0(+0.50%)"
"2656","ベクターＨＬＤＧ","東S","163","+9.0(+5.84%)"
"2659","サンエー","東P","3335","+70.0(+2.14%)"
"265A","Ｈｍｃｏｍｍ","東G","637","-22.0(-3.34%)"
"2664","カワチ薬品","東P","3475","+120.0(+3.58%)"
"2666","オートウェーブ","東S","193","+2.0(+1.05%)"
"2667","イメージワン","東S","113","-3.0(-2.59%)"
"2668","タビオ","東S","1260","+0.0(+0.00%)"
"2669","カネ美食品","東S","3985","-15.0(-0.38%)"
"2670","エービーシー・マート","東P","2848.0","+94.5(+3.43%)"
"2673","夢みつけ隊","東S","106","+5.0(+4.95%)"
"2674","ハードオフコーポレーション","東P","3085","+166.0(+5.69%)"
"2676","高千穂交易","東P","2092","+11.0(+0.53%)"
"2678","アスクル","東P","1278","+6.0(+0.47%)"
"2681","ゲオＨＬＤＧ","東P","2202","+92.0(+4.36%)"
"2683","魚喜","東S","1010","-3.0(-0.30%)"
"2685","アンドエスティＨＤ","東P","3500","+65.0(+1.89%)"
"2687","シー・ヴイ・エス・ベイエリア","東S","498","+2.0(+0.40%)"
"2689","オルバヘルスケアＨＬＤＧ","東S","1906","+1.0(+0.05%)"
"268A","リガク・ＨＬＤＧ","東P","1825","-120.0(-6.17%)"
"2693","ＹＫＴ","東S","301","-12.0(-3.83%)"
"2694","焼肉坂井ＨＬＤＧ","東S","72","+0.0(+0.00%)"
"2695","くら寿司","東P","1685","+30.0(+1.81%)"
"2698","キャンドゥ","東S","3655","+80.0(+2.24%)"
"269A","Ｓａｐｅｅｔ","東G","2478","-31.0(-1.24%)"
"2700","木徳神糧","東S","1750","+45.0(+2.64%)"
"2702","日本マクドナルドＨＬＤＧ","東S","8060","+150.0(+1.90%)"
"2705","大戸屋ＨＬＤＧ","東S","8800","+600.0(+7.32%)"
"2708","久世","東S","2002","+19.0(+0.96%)"
"2721","ジェイＨＬＤＧ","東S","137","+4.0(+3.01%)"
"2722","ＩＫＨＬＤＧ","東S","357","-1.0(-0.28%)"
"2726","パルグループＨＬＤＧ","東P","1538","+59.0(+3.99%)"
"2730","エディオン","東P","2606","+66.0(+2.60%)"
"2733","あらた","東P","2709","+73.0(+2.77%)"
"2734","サーラコーポレーション","東P","1159","+22.0(+1.93%)"
"2735","ワッツ","東S","675","+2.0(+0.30%)"
"2736","フェスタリアＨＬＤＧ","東S","662","-8.0(-1.19%)"
"2737","トーメンデバイス","東P","14150","-940.0(-6.23%)"
"2742","ハローズ","東P","4020","+155.0(+4.01%)"
"2747","北雄ラッキー","東S","3150","+15.0(+0.48%)"
"2749","ＪＰ　ＨＬＤＧ","東P","652","+14.0(+2.19%)"
"274A","ガーデン","東S","2312","+11.0(+0.48%)"
"2750","石光商事","東S","1302","+6.0(+0.46%)"
"2751","テンポスＨＬＤＧ","東S","3880","+10.0(+0.26%)"
"2752","フジオフードグループ本社","東P","1134","+11.0(+0.98%)"
"2753","あみやき亭","東P","1385","+35.0(+2.59%)"
"2760","東京エレクトロン　デバイス","東P","3470","-235.0(-6.34%)"
"2762","ＳＡＮＫＯ　ＭＡＲＫＥＴＩＮＧ","東S","82","-1.0(-1.20%)"
"2763","エフティグループ","東S","1199","+43.0(+3.72%)"
"2764","ひらまつ","東S","142","+1.0(+0.71%)"
"2767","円谷フィールズＨＬＤＧ","東P","2330","+400.0(+20.73%)"
"2768","双日","東P","5338.0","-21.0(-0.39%)"
"2769","ヴィレッジヴァンガードコーポレ","東S","890","+0.0(+0.00%)"
"276A","ククレブ・アドバイザーズ","東G","3345","+5.0(+0.15%)"
"2776","新都ＨＬＤＧ","東S","91","-2.0(-2.15%)"
"2778","パレモＨＬＤＧ","東S","108","+0.0(+0.00%)"
"277A","グロービング","東P","1593","-38.0(-2.33%)"
"2780","コメ兵ＨＬＤＧ","東S","5020","-80.0(-1.57%)"
"2782","セリア","東S","3900","+55.0(+1.43%)"
"2784","アルフレッサＨＬＤＧ","東P","2457.5","+43.5(+1.80%)"
"2788","アップルインターナショナル","東S","391","-2.0(-0.51%)"
"2789","カルラ","東S","467","-1.0(-0.21%)"
"278A","Ｔｅｒｒａ　Ｄｒｏｎｅ","東G","10140","-240.0(-2.31%)"
"2790","ナフコ","東S","2227","+5.0(+0.23%)"
"2791","大黒天物産","東P","4800","+150.0(+3.23%)"
"2792","ハニーズＨＬＤＧ","東P","1472","+22.0(+1.52%)"
"2795","日本プリメックス","東S","973","+0.0(+0.00%)"
"2796","ファーマライズホールディングス","東S","491","+1.0(+0.20%)"
"2798","ワイズテーブルコーポレーション","東S","3015","-10.0(-0.33%)"
"2801","キッコーマン","東P","1748.0","+76.0(+4.55%)"
"2802","味の素","東P","4847.0","-41.0(-0.84%)"
"2804","ブルドックソース","東P","1879","+44.0(+2.40%)"
"2805","エスビー食品","東S","5920","-200.0(-3.27%)"
"2806","ユタカフーズ","東S","1892","+2.0(+0.11%)"
"2809","キユーピー","東P","4845.0","+167.0(+3.57%)"
"280A","ＴＭＨ","東G","828","-44.0(-5.05%)"
"2810","ハウス食品グループ本社","東P","4109.0","+91.0(+2.26%)"
"2811","カゴメ","東P","2864.5","+68.0(+2.43%)"
"2813","和弘食品","東S","4000","+0.0(+0.00%)"
"2814","佐藤食品工業","東S","3120","+10.0(+0.32%)"
"2815","アリアケジャパン","東P","5600","+70.0(+1.27%)"
"2816","ダイショー","東S","1413","+3.0(+0.21%)"
"2818","ピエトロ","東S","1750","+2.0(+0.11%)"
"2819","エバラ食品工業","東S","2574","+61.0(+2.43%)"
"281A","インフォメティス","東G","419","-9.0(-2.10%)"
"2820","やまみ","東S","4845","+95.0(+2.00%)"
"2831","はごろもフーズ","東S","3675","+0.0(+0.00%)"
"285A","キオクシアＨＬＤＧ","東P","38380.0","-6,170.0(-13.85%)"
"286A","ユカリア","東G","803","+2.0(+0.25%)"
"2871","ニチレイ","東P","2354.0","+73.5(+3.22%)"
"2872","セイヒョー","東S","1994","+9.0(+0.45%)"
"2874","横浜冷凍","東P","2184","+56.0(+2.63%)"
"2875","東洋水産","東P","11460.0","+255.0(+2.28%)"
"2876","デルソーレ","東S","479","-6.0(-1.24%)"
"2877","日東ベスト","東S","739","-3.0(-0.40%)"
"287A","黒田グループ","東S","1080","-3.0(-0.28%)"
"2882","イートアンドＨＬＤＧ","東P","2085","+23.0(+1.12%)"
"2883","大冷","東S","2000","+1.0(+0.05%)"
"2884","ヨシムラ・フード・ＨＬＤＧ","東P","602","-8.0(-1.31%)"
"288A","ラクサス・テクノロジーズ","東G","96","+3.0(+3.23%)"
"2892","日本食品化工","東S","4520","-35.0(-0.77%)"
"2894","石井食品","東S","335","+4.0(+1.21%)"
"2897","日清食品ＨＬＤＧ","東P","3097.0","+65.0(+2.14%)"
"2901","ウェルディッシュ","東S","181","+0.0(+0.00%)"
"2903","シノブフーズ","東S","1702","-9.0(-0.53%)"
"2904","一正蒲鉾","東S","761","+2.0(+0.26%)"
"2907","あじかん","東S","1524","+6.0(+0.40%)"
"2908","フジッコ","東P","1610","+28.0(+1.77%)"
"290A","Ｓｙｎｓｐｅｃｔｉｖｅ","東G","1019","-81.0(-7.36%)"
"2910","ロック・フィールド","東P","1410","+25.0(+1.81%)"
"2911","旭松食品","東S","2273","+3.0(+0.13%)"
"2914","日本たばこ産業","東P","6781.0","+133.0(+2.00%)"
"2915","ケンコーマヨネーズ","東P","2133","+60.0(+2.89%)"
"2916","仙波糖化工業","東S","748","+2.0(+0.27%)"
"2917","大森屋","東S","942","-2.0(-0.21%)"
"2918","わらべや日洋ＨＬＤＧ","東P","2871","+38.0(+1.34%)"
"291A","リスキル","東G","1761","+1.0(+0.06%)"
"2922","なとり","東P","2037","+40.0(+2.00%)"
"2923","サトウ食品","東S","8980","+130.0(+1.47%)"
"2924","イフジ産業","東S","2073","+0.0(+0.00%)"
"2926","篠崎屋","東S","115","+0.0(+0.00%)"
"2927","ＡＦＣ―ＨＤアムスライフ","東S","866","+4.0(+0.46%)"
"2929","ファーマフーズ","東P","597","+19.0(+3.29%)"
"2930","北の達人","東P","121","+2.0(+1.68%)"
"2931","ユーグレナ","東P","346","+2.0(+0.58%)"
"2932","ＳＴＩフードＨＬＤＧ","東S","1125","+20.0(+1.81%)"
"2933","紀文食品","東P","1117","+20.0(+1.82%)"
"2934","ジェイフロンティア","東G","1815","+6.0(+0.33%)"
"2935","ピックルスＨＬＤＧ","東P","1180","+12.0(+1.03%)"
"2936","ベースフード","東G","258","+2.0(+0.78%)"
"2937","サンクゼール","東G","1708","-9.0(-0.52%)"
"2938","オカムラ食品工業","東S","1246","-7.0(-0.56%)"
"2961","日本調理機","東S","6440","-10.0(-0.16%)"
"2962","テクニスコ","東S","1090","-44.0(-3.88%)"
"296A","令和アカウンティング・ＨＬＤＧ","東G","911","+6.0(+0.66%)"
"2970","ＧＬＣ　ＧＲＯＵＰ","東S","951","+1.0(+0.11%)"
"2975","スター・マイカ・ＨＬＤＧ","東P","1485","-7.0(-0.47%)"
"2978","ツクルバ","東G","359","+5.0(+1.41%)"
"297A","アルピコＨＬＤＧ","東S","217","+1.0(+0.46%)"
"2980","ＳＲＥ　ＨＬＤＧ","東P","2596","+42.0(+1.64%)"
"2981","ランディックス","東G","2072","+27.0(+1.32%)"
"2982","ＡＤワークスグループ","東P","414","+4.0(+0.98%)"
"2983","アールプランナー","東G","1446","-25.0(-1.70%)"
"2984","ヤマイチエステート","東S","743","+2.0(+0.27%)"
"2986","ＬＡ　ＨＬＤＧ","東G","2682","-32.0(-1.18%)"
"298A","ＧＶＡ　ＴＥＣＨ","東G","316","-9.0(-2.77%)"
"2991","ランドネット","東S","567","-4.0(-0.70%)"
"2993","長栄","東S","2136","-9.0(-0.42%)"
"2997","ストレージ王","東G","1337","+0.0(+0.00%)"
"2998","クリアル","東G","490","-12.0(-2.39%)"
"2999","ホームポジション","東S","635","+9.0(+1.44%)"
"299A","クラシル","東G","1083","+33.0(+3.14%)"
"3001","片倉工業","東S","2869","+148.0(+5.44%)"
"3002","グンゼ","東P","4060","-5.0(-0.12%)"
"3003","ヒューリック","東P","1907.0","+98.0(+5.42%)"
"3004","神栄","東S","2207","-51.0(-2.26%)"
"300A","ＭＩＣ","東S","2978","-1.0(-0.03%)"
"3010","ポラリス・ＨＬＤＧ","東S","195","-2.0(-1.02%)"
"3011","バナーズ","東S","144","+0.0(+0.00%)"
"3020","アプライド","東S","4160","-20.0(-0.48%)"
"3021","パシフィックネット","東S","1544","-16.0(-1.03%)"
"3023","ラサ商事","東S","1881","+17.0(+0.91%)"
"3024","クリエイト","東S","1112","-5.0(-0.45%)"
"3028","アルペン","東P","2307","+52.0(+2.31%)"
"302A","ビースタイルＨＬＤＧ","東G","-","- (-%)"
"3030","ハブ","東S","821","-4.0(-0.48%)"
"3031","ラクーンＨＬＤＧ","東P","652","+14.0(+2.19%)"
"3034","クオールＨＬＤＧ","東P","2212","+80.0(+3.75%)"
"3035","ケイティケイ","東S","807","-4.0(-0.49%)"
"3036","アルコニックス","東P","2525","-2.0(-0.08%)"
"3038","神戸物産","東P","2879.0","+86.0(+3.08%)"
"303A","ｖｉｓｕｍｏ","東G","588","+5.0(+0.86%)"
"3040","ソリトンシステムズ","東P","1926","-40.0(-2.03%)"
"3041","ビューティカダンＨＬＤＧ","東S","408","-3.0(-0.73%)"
"3042","セキュアヴェイル","東S","292","-4.0(-1.35%)"
"3045","カワサキ","東S","1490","-3.0(-0.20%)"
"3046","ジンズＨＬＤＧ","東P","6890","+150.0(+2.23%)"
"3048","ビックカメラ","東P","1838.0","+48.0(+2.68%)"
"304A","フォルシア","東G","1958","-52.0(-2.59%)"
"3050","ＤＣＭ　ＨＬＤＧ","東P","1606","+53.0(+3.41%)"
"3053","ペッパーフードサービス","東S","186","+3.0(+1.64%)"
"3054","ハイパー","東S","241","-35.0(-12.68%)"
"3058","三洋堂ＨＬＤＧ","東S","710","+5.0(+0.71%)"
"3059","ヒラキ","東S","713","+0.0(+0.00%)"
"3063","ジェイグループＨＬＤＧ","東G","1242","-5.0(-0.40%)"
"3064","ＭｏｎｏｔａＲＯ","東P","2081.5","+104.5(+5.29%)"
"3065","ライフフーズ","東S","1617","+0.0(+0.00%)"
"3067","東京一番フーズ","東S","454","+2.0(+0.44%)"
"3068","ＷＤＩ","東S","2994","-3.0(-0.10%)"
"3069","ＪＦＬＡ　ＨＬＤＧ","東S","158","-3.0(-1.86%)"
"3070","ジェリービーンズグループ","東G","72","-6.0(-7.69%)"
"3071","ストリーム","東S","101","-1.0(-0.98%)"
"3075","銚子丸","東S","1739","-8.0(-0.46%)"
"3076","あいＨＬＤＧ","東P","2883","+34.0(+1.19%)"
"3077","ホリイフードサービス","東S","901","-7.0(-0.77%)"
"3079","ディーブイエックス","東S","951","+2.0(+0.21%)"
"3080","ジェーソン","東S","774","+1.0(+0.13%)"
"3082","きちりＨＬＤＧ","東S","955","+6.0(+0.63%)"
"3083","スターシーズ","東S","956","+8.0(+0.84%)"
"3086","Ｊ．フロント　リテイリング","東P","3153.0","+103.0(+3.38%)"
"3087","ドトール・日レスＨＬＤＧ","東P","3355","+105.0(+3.23%)"
"3088","マツキヨココカラ＆カンパニー","東P","2692.0","+102.5(+3.96%)"
"3089","テクノアルファ","東S","1011","-12.0(-1.17%)"
"3091","ブロンコビリー","東P","2852","+140.0(+5.16%)"
"3092","ＺＯＺＯ","東P","1224.5","+43.5(+3.68%)"
"3093","トレジャー・ファクトリー","東P","2150","+32.0(+1.51%)"
"3096","オーシャンシステム","東S","1644","-7.0(-0.42%)"
"3097","物語コーポレーション","東P","5400","+210.0(+4.05%)"
"3099","三越伊勢丹ＨＬＤＧ","東P","3629.0","-5.0(-0.14%)"
"3101","東洋紡","東P","1463","-75.0(-4.88%)"
"3103","ユニチカ","東S","762","-64.0(-7.75%)"
"3104","富士紡ＨＬＤＧ","東P","3410","-240.0(-6.58%)"
"3105","日清紡ＨＬＤＧ","東P","2073.5","-96.5(-4.45%)"
"3106","倉敷紡績","東P","9370","-240.0(-2.50%)"
"3107","ダイワボウＨＬＤＧ","東P","3655.0","+61.0(+1.70%)"
"3109","シキボウ","東P","1051","+15.0(+1.45%)"
"3110","日東紡績","東P","2622","-264.0(-9.15%)"
"3111","オーミケンシ","東S","167","-3.0(-1.76%)"
"3113","ＵＮＩＶＡ・ＯａｋＨＬＤＧ","東S","72","+0.0(+0.00%)"
"3116","トヨタ紡織","東P","2406.5","+93.0(+4.02%)"
"3121","マーチャント・バンカーズ","東S","219","+1.0(+0.46%)"
"3123","サイボー","東S","641","+2.0(+0.31%)"
"3131","シンデン・ハイテックス","東S","3275","-120.0(-3.53%)"
"3132","マクニカＨＬＤＧ","東P","2954.0","-128.0(-4.15%)"
"3133","海帆","東G","83","-6.0(-6.74%)"
"3134","Ｈａｍｅｅ","東S","291","+1.0(+0.34%)"
"3135","マーケットエンタープライズ","東S","1070","-3.0(-0.28%)"
"3137","ファンデリー","東S","216","+0.0(+0.00%)"
"3138","富士山マガジンサービス","東S","1127","-21.0(-1.83%)"
"3139","ラクト・ジャパン","東P","3515","+60.0(+1.74%)"
"3140","ＢＲＵＮＯ","東G","1002","-2.0(-0.20%)"
"3143","オーウイル","東S","689","-1.0(-0.14%)"
"3148","クリエイトＳＤ　ＨＬＤＧ","東P","3525","+85.0(+2.47%)"
"3150","グリムス","東P","2625","+7.0(+0.27%)"
"3151","バイタルケーエスケーＨＬＤＧ","東P","1713","+24.0(+1.42%)"
"3153","八洲電機","東P","2813","-99.0(-3.40%)"
"3154","メディアスＨＬＤＧ","東P","789","+9.0(+1.15%)"
"3156","レスター","東P","3775","+95.0(+2.58%)"
"3157","ジオリーブグループ","東S","1389","-10.0(-0.71%)"
"3159","丸善ＣＨＩ　ＨＬＤＧ","東S","366","+1.0(+0.27%)"
"3160","大光","東S","578","-2.0(-0.34%)"
"3161","アゼアス","東S","654","+1.0(+0.15%)"
"3166","ＯＣＨＩ　ＨＬＤＧ","東S","1438","+15.0(+1.05%)"
"3167","ＴＯＫＡＩ　ＨＬＤＧ","東P","1195","+28.0(+2.40%)"
"3168","ＭＥＲＦ","東S","1211","+1.0(+0.08%)"
"3169","ミサワ","東S","650","+2.0(+0.31%)"
"3172","ティーライフ","東S","1159","+8.0(+0.70%)"
"3173","Ｃｏｍｉｎｉｘ","東S","1082","-4.0(-0.37%)"
"3174","ハピネス・アンド・ディ","東S","424","-17.0(-3.85%)"
"3175","エー・ピーＨＬＤＧ","東S","945","+3.0(+0.32%)"
"3176","三洋貿易","東P","861","+12.0(+1.41%)"
"3177","ありがとうサービス","東S","4070","+30.0(+0.74%)"
"3178","チムニー","東S","1176","+13.0(+1.12%)"
"3179","シュッピン","東P","1334","+26.0(+1.99%)"
"3180","ビューティガレージ","東P","1445","+31.0(+2.19%)"
"3181","買取王国","東S","1037","-18.0(-1.71%)"
"3182","オイシックス","東P","1679","+64.0(+3.96%)"
"3183","ウイン・パートナーズ","東P","1357","+40.0(+3.04%)"
"3184","ＩＣＤＡ　ＨＬＤＧ","東S","4470","+0.0(+0.00%)"
"3185","夢展望","東G","152","-6.0(-3.80%)"
"3186","ネクステージ","東P","3315","-80.0(-2.36%)"
"3187","ミラタップ","東G","350","+27.0(+8.36%)"
"3189","ＡＮＡＰ　ＨＬＤＧ","東S","98","+0.0(+0.00%)"
"3190","ホットマン","東S","588","-7.0(-1.18%)"
"3191","ジョイフル本田","東P","2524","+72.0(+2.94%)"
"3192","白鳩","東S","292","-4.0(-1.35%)"
"3193","エターナルホスピタリティグルー","東P","2949","-32.0(-1.07%)"
"3195","ジェネレーションパス","東S","535","-29.0(-5.14%)"
"3196","ホットランドＨＬＤＧ","東P","1690","+27.0(+1.62%)"
"3197","すかいらーくＨＬＤＧ","東P","3333.0","+173.0(+5.47%)"
"3199","綿半ＨＬＤＧ","東P","1365","+30.0(+2.25%)"
"319A","技術承継機構","東G","16270","-230.0(-1.39%)"
"3201","日本毛織","東P","1907","+3.0(+0.16%)"
"3202","ダイトウボウ","東S","126","-2.0(-1.56%)"
"3204","トーア紡コーポレーション","東S","495","-9.0(-1.79%)"
"3205","ダイドーリミテッド","東S","746","+0.0(+0.00%)"
"3221","ヨシックスＨＬＤＧ","東P","3305","+80.0(+2.48%)"
"3222","ユナイテッド・スーパーマーケッ","東S","846","+10.0(+1.20%)"
"3223","エスエルディー","東S","924","+2.0(+0.22%)"
"3224","ゼネラル・オイスター","東G","688","-7.0(-1.01%)"
"3231","野村不動産ＨＬＤＧ","東P","992.6","+19.5(+2.00%)"
"3232","三重交通グループＨＬＤＧ","東P","571","+11.0(+1.96%)"
"3236","プロパスト","東S","274","+2.0(+0.74%)"
"3237","イントランス","東G","92","+1.0(+1.10%)"
"3238","セントラル総合開発","東S","372","+0.0(+0.00%)"
"323A","フライヤー","東G","359","-13.0(-3.49%)"
"3241","ウィル","東S","592","+6.0(+1.02%)"
"3242","アーバネットコーポレーション","東S","510","+5.0(+0.99%)"
"3245","ディア・ライフ","東P","1111","+24.0(+2.21%)"
"3246","コーセーアールイー","東S","666","+4.0(+0.60%)"
"3248","アールエイジ","東S","892","+11.0(+1.25%)"
"324A","ブッキングリゾート","東G","696","-3.0(-0.43%)"
"3252","地主","東P","2941","+10.0(+0.34%)"
"325A","ＴＥＮＴＩＡＬ","東G","1650","-32.0(-1.90%)"
"3261","グランディーズ","東G","399","-2.0(-0.50%)"
"3266","ファンドクリエーショングループ","東S","79","+0.0(+0.00%)"
"3267","フィル・カンパニー","東S","630","+23.0(+3.79%)"
"3276","ＪＰＭＣ","東P","1830","+30.0(+1.67%)"
"3277","サンセイランディック","東S","652","+3.0(+0.46%)"
"3280","エストラスト","東S","907","-3.0(-0.33%)"
"3284","フージャースＨＬＤＧ","東P","1269","+13.0(+1.04%)"
"3286","トラストＨＬＤＧ","東S","869","+5.0(+0.58%)"
"3288","オープンハウスグループ","東P","8812.0","+142.0(+1.64%)"
"3289","東急不動産ＨＬＤＧ","東P","1402.0","+27.0(+1.96%)"
"3291","飯田グループＨＬＤＧ","東P","2369.0","+28.5(+1.22%)"
"3293","アズマハウス","東S","770","+3.0(+0.39%)"
"3297","東武住販","東S","1170","+6.0(+0.52%)"
"3299","ムゲンエステート","東S","1977","-7.0(-0.35%)"
"3300","アンビション　ＤＸ　ＨＬＤＧ","東G","2120","+16.0(+0.76%)"
"3302","帝国繊維","東P","3375","+50.0(+1.50%)"
"3306","日本製麻","東S","870","+57.0(+7.01%)"
"330A","ＴａｌｅｎｔＸ","東G","447","-10.0(-2.19%)"
"3315","日本コークス工業","東P","92","-2.0(-2.13%)"
"3317","フライングガーデン","東S","1478","+13.0(+0.89%)"
"331A","メディックス","東S","505","+0.0(+0.00%)"
"3320","クロスプラス","東S","1326","-11.0(-0.82%)"
"3321","ミタチ産業","東S","1527","-3.0(-0.20%)"
"3323","レカム","東S","73","-1.0(-1.35%)"
"3326","ランシステム","東S","636","-3.0(-0.47%)"
"3329","東和フードサービス","東S","2116","+5.0(+0.24%)"
"332A","ミーク","東G","953","-9.0(-0.94%)"
"3333","あさひ","東P","1378","+43.0(+3.22%)"
"3349","コスモス薬品","東P","7004.0","+392.0(+5.93%)"
"334A","ビジュアル・プロセッシング・ジ","東G","895","-16.0(-1.76%)"
"3350","メタプラネット","東S","216","-2.0(-0.92%)"
"3352","バッファロー","東S","1744","-1.0(-0.06%)"
"3353","メディカル一光グループ","東S","2853","+22.0(+0.78%)"
"3355","クリヤマＨＬＤＧ","東S","1675","+24.0(+1.45%)"
"3358","Ｔｒａｉｌｈｅａｄ　Ｇｌｏｂａ","東S","94","-1.0(-1.05%)"
"3359","ｃｏｔｔａ","東G","512","-3.0(-0.58%)"
"335A","ミライロ","東G","329","-5.0(-1.50%)"
"3360","シップヘルスケアＨＬＤＧ","東P","2565.0","+55.5(+2.21%)"
"3361","トーエル","東S","882","+9.0(+1.03%)"
"336A","ダイナミックマッププラットフォ","東G","807","-14.0(-1.71%)"
"3370","フジタコーポレーション","東S","481","-4.0(-0.82%)"
"3371","ソフトクリエイトＨＬＤＧ","東P","2118","+36.0(+1.73%)"
"3372","関門海","東S","220","+1.0(+0.46%)"
"3374","内外テック","東S","2908","-76.0(-2.55%)"
"3375","ＺＯＡ","東S","1758","+0.0(+0.00%)"
"3377","バイク王＆カンパニー","東S","371","+0.0(+0.00%)"
"3382","セブン＆アイＨＬＤＧ","東P","2256.0","+50.5(+2.29%)"
"3386","コスモ・バイオ","東S","1256","-18.0(-1.41%)"
"3387","クリエイト・レストランツＨＬＤ","東P","812","+21.0(+2.65%)"
"3388","明治電機工業","東P","2209","+17.0(+0.78%)"
"338A","ＺｅｎｍｕＴｅｃｈ","東G","2093","-129.0(-5.81%)"
"3391","ツルハＨＬＤＧ","東P","2588.0","+79.5(+3.17%)"
"3392","デリカフーズＨＬＤＧ","東S","845","+24.0(+2.92%)"
"3393","スターティアＨＬＤＧ","東P","3120","+15.0(+0.48%)"
"3395","サンマルクＨＬＤＧ","東P","2668","+57.0(+2.18%)"
"3396","フェリシモ","東S","869","+4.0(+0.46%)"
"3397","トリドールＨＬＤＧ","東P","4584.0","+277.0(+6.43%)"
"3399","丸千代山岡家","東S","3665","-20.0(-0.54%)"
"339A","プログレス・テクノロジーズ","東G","880","+9.0(+1.03%)"
"3401","帝人","東P","1679.0","-2.0(-0.12%)"
"3402","東レ","東P","1163.0","+13.0(+1.13%)"
"3405","クラレ","東P","1891.0","+41.5(+2.24%)"
"3407","旭化成","東P","1830.5","+13.5(+0.74%)"
"3409","北紡","東S","89","-4.0(-4.30%)"
"340A","ジグザグ","東G","314","+5.0(+1.62%)"
"3415","ＴＯＫＹＯ　ＢＡＳＥ","東P","412","+0.0(+0.00%)"
"3416","ピクスタ","東S","841","+4.0(+0.48%)"
"3417","大木ヘルスケアＨＬＤＧ","東S","1062","+10.0(+0.95%)"
"3418","バルニバービ","東G","1136","-3.0(-0.26%)"
"341A","トヨコー","東G","1919","-17.0(-0.88%)"
"3420","ケー・エフ・シー","東S","1586","-12.0(-0.75%)"
"3421","稲葉製作所","東S","1795","+5.0(+0.28%)"
"3422","Ｊ−ＭＡＸ","東S","474","-9.0(-1.86%)"
"3423","エスイー","東S","278","+10.0(+3.73%)"
"3426","アトムリビンテック","東S","1295","-3.0(-0.23%)"
"3431","宮地エンジニアリンググループ","東P","1587","+18.0(+1.15%)"
"3433","トーカロ","東P","2677","-114.0(-4.08%)"
"3434","アルファＣｏ","東S","1223","+0.0(+0.00%)"
"3435","サンコーテクノ","東S","1424","+5.0(+0.35%)"
"3436","ＳＵＭＣＯ","東P","2948.5","-191.5(-6.10%)"
"3437","特殊電極","東S","2717","+0.0(+0.00%)"
"3439","三ツ知","東S","-","- (-%)"
"343A","ＩＡＣＥトラベル","東S","1407","+7.0(+0.50%)"
"3440","日創グループ","東S","877","+0.0(+0.00%)"
"3441","山王","東S","2316","-131.0(-5.35%)"
"3443","川田テクノロジーズ","東P","1281","-17.0(-1.31%)"
"3444","菊池製作所","東S","883","-32.0(-3.50%)"
"3445","ＲＳ　Ｔｅｃｈｎｏｌｏｇｉｅｓ","東P","5710","-510.0(-8.20%)"
"3446","ジェイテックコーポレーション","東S","1443","-35.0(-2.37%)"
"3447","信和","東S","996","+10.0(+1.01%)"
"3449","テクノフレックス","東S","3895","-355.0(-8.35%)"
"3452","ビーロット","東S","1450","-12.0(-0.82%)"
"3454","ファーストブラザーズ","東S","1271","+1.0(+0.08%)"
"3457","Ａｎｄ　ＤｏＨＬＤＧ","東P","961","+25.0(+2.67%)"
"3461","パルマ","東S","593","+1.0(+0.17%)"
"3465","ケイアイスター不動産","東P","3650","+30.0(+0.83%)"
"3467","アグレ都市デザイン","東S","2790","-10.0(-0.36%)"
"3469","デュアルタップ","東S","901","+0.0(+0.00%)"
"3474","Ｇ―ＦＡＣＴＯＲＹ","東G","582","+4.0(+0.69%)"
"3475","グッドコムアセット","東P","1581","+35.0(+2.26%)"
"3477","フォーライフ","東G","880","+15.0(+1.73%)"
"3479","ＴＫＰ","東G","1940","+90.0(+4.86%)"
"3480","ジェイ・エス・ビー","東P","9010","+10.0(+0.11%)"
"3482","ロードスターキャピタル","東P","2724","-4.0(-0.15%)"
"3484","イノベーションＨＬＤＧ","東S","1102","+7.0(+0.64%)"
"3486","グローバル・リンク・マネジメン","東P","1907","+6.0(+0.32%)"
"3489","フェイスネットワーク","東S","792","-5.0(-0.63%)"
"3490","アズ企画設計","東S","3070","-10.0(-0.32%)"
"3491","ＧＡ　ｔｅｃｈｎｏｌｏｇｉｅｓ","東G","1380","+67.0(+5.10%)"
"3494","マリオン","東S","436","+2.0(+0.46%)"
"3495","香陵住販","東S","2348","+2.0(+0.09%)"
"3496","アズーム","東P","4695","+80.0(+1.73%)"
"3498","霞ヶ関キャピタル","東P","7370","+150.0(+2.08%)"
"3501","ＳＵＭＩＮＯＥ","東P","1163","+19.0(+1.66%)"
"350A","デジタルグリッド","東G","715","-17.0(-2.32%)"
"3512","日本フエルト","東S","915","-18.0(-1.93%)"
"3513","イチカワ","東S","3375","-10.0(-0.30%)"
"3521","テルマー湯ＨＬＤＧ","東S","152","+1.0(+0.66%)"
"3524","日東製網","東S","1470","-4.0(-0.27%)"
"3529","アツギ","東S","1084","-9.0(-0.82%)"
"352A","ＬＯＩＶＥ","東G","492","+21.0(+4.46%)"
"3536","アクサスＨＬＤＧ","東S","130","-1.0(-0.76%)"
"3537","昭栄薬品","東S","1668","+8.0(+0.48%)"
"3538","ウイルプラスＨＬＤＧ","東S","951","+6.0(+0.63%)"
"3539","ＪＭ　ＨＬＤＧ","東P","1423","+37.0(+2.67%)"
"3542","ベガコーポレーション","東G","1313","+45.0(+3.55%)"
"3543","コメダＨＬＤＧ","東P","2978","+81.0(+2.80%)"
"3544","サツドラＨＬＤＧ","東S","1257","+0.0(+0.00%)"
"3547","ユニシアＨＬＤＧ","東S","1846","+62.0(+3.48%)"
"3548","バロックジャパンリミテッド","東P","746","+4.0(+0.54%)"
"3549","クスリのアオキＨＬＤＧ","東S","4199.0","+244.0(+6.17%)"
"3550","スタジオアタオ","東G","217","-1.0(-0.46%)"
"3551","ダイニック","東S","1385","+0.0(+0.00%)"
"3553","共和レザー","東S","881","-7.0(-0.79%)"
"3556","リネットジャパングループ","東G","790","-14.0(-1.74%)"
"3557","ユナイテッド＆コレクティブ","東G","550","+4.0(+0.73%)"
"3558","ジェイドグループ","東G","1629","+9.0(+0.56%)"
"3559","ピーバンドットコム","東S","415","+2.0(+0.48%)"
"3560","ほぼ日","東S","4180","-25.0(-0.59%)"
"3561","力の源ＨＬＤＧ","東P","1726","+41.0(+2.43%)"
"3562","Ｎｏ．１","東S","1597","-2.0(-0.13%)"
"3563","ＦＯＯＤ　＆　ＬＩＦＥ　ＣＯＭ","東P","5846.0","+110.0(+1.92%)"
"3565","アセンテック","東S","440","+8.0(+1.85%)"
"3566","ユニフォームネクスト","東G","873","-5.0(-0.57%)"
"3569","セーレン","東P","3220","+10.0(+0.31%)"
"3571","ソトー","東S","713","-1.0(-0.14%)"
"3577","東海染工","東S","937","+2.0(+0.21%)"
"3580","小松マテーレ","東P","725","+4.0(+0.55%)"
"3583","オーベクス","東S","-","- (-%)"
"3591","ワコールＨＬＤＧ","東P","4567.0","+54.0(+1.20%)"
"3597","自重堂","東S","9070","+60.0(+0.67%)"
"3598","山喜","東S","163","+0.0(+0.00%)"
"3600","フジックス","東S","1708","+7.0(+0.41%)"
"3607","クラウディアＨＬＤＧ","東S","360","+3.0(+0.84%)"
"3608","ＴＳＩ　ＨＬＤＧ","東P","1278","+15.0(+1.19%)"
"3611","マツオカコーポレーション","東S","2460","-17.0(-0.69%)"
"3612","ワールド","東P","1654","+18.0(+1.10%)"
"3622","ネットイヤーグループ","東S","510","-8.0(-1.54%)"
"3623","ビリングシステム","東G","1012","-2.0(-0.20%)"
"3624","アクセルマーク","東G","66","+2.0(+3.13%)"
"3625","テックファームＨＬＤＧ","東G","593","+8.0(+1.37%)"
"3626","ＴＩＳＩ","東P","3939.0","+185.0(+4.93%)"
"3627","テクミラＨＬＤＧ","東S","266","-1.0(-0.37%)"
"3628","データホライゾン","東G","597","-15.0(-2.45%)"
"3632","グリーＨＬＤＧ","東P","401","+5.0(+1.26%)"
"3633","ＧＭＯペパボ","東S","1756","+45.0(+2.63%)"
"3634","ソケッツ","東S","575","+0.0(+0.00%)"
"3635","コーエーテクモＨＬＤＧ","東P","1649.0","+119.0(+7.78%)"
"3636","三菱総合研究所","東P","5030","+135.0(+2.76%)"
"3639","ボルテージ","東S","222","-6.0(-2.63%)"
"3640","電算","東S","2664","+118.0(+4.63%)"
"3641","パピレス","東S","968","+7.0(+0.73%)"
"3645","メディカルネット","東G","242","-1.0(-0.41%)"
"3646","駅探","東S","335","-1.0(-0.30%)"
"3647","アスリナ","東S","107","-4.0(-3.60%)"
"3648","ＡＧＳ","東S","1121","-14.0(-1.23%)"
"3649","ファインデックス","東P","865","+22.0(+2.61%)"
"3652","ディジタルメディアプロ","東G","2043","-230.0(-10.12%)"
"3653","モルフォ","東G","623","-17.0(-2.66%)"
"3656","ＫＬａｂ","東P","214","+1.0(+0.47%)"
"3657","ポールトゥウィンＨＬＤＧ","東P","340","-2.0(-0.58%)"
"3659","ネクソン","東P","2590.5","+102.5(+4.12%)"
"365A","伊澤タオル","東S","788","-5.0(-0.63%)"
"3660","アイスタイル","東P","440","+5.0(+1.15%)"
"3661","エムアップＨＬＤＧ","東P","805","+13.0(+1.64%)"
"3662","エイチームＨＬＤＧ","東P","997","+0.0(+0.00%)"
"3663","セルシス","東P","1952","+68.0(+3.61%)"
"3664","ＷＩＺＥ","東G","22","+1.0(+4.76%)"
"3665","エニグモ","東P","406","-8.0(-1.93%)"
"3667","ｅｎｉｓｈ","東S","26","-1.0(-3.70%)"
"3668","コロプラ","東P","400","+13.0(+3.36%)"
"366A","ウェルネス・コミュニケーション","東G","1018","+1.0(+0.10%)"
"3670","協立情報通信","東S","1770","+12.0(+0.68%)"
"3671","ソフトマックス","東S","324","-4.0(-1.22%)"
"3672","オルトプラス","東S","27","+0.0(+0.00%)"
"3673","ブロードリーフ","東P","456","+19.0(+4.35%)"
"3674","オークファン","東G","326","-3.0(-0.91%)"
"3675","クロス・マーケティンググループ","東S","602","+0.0(+0.00%)"
"3676","デジタルハーツＨＬＤＧ","東P","773","+26.0(+3.48%)"
"3678","メディアドゥ","東P","1323","+8.0(+0.61%)"
"3679","じげん","東P","428","+13.0(+3.13%)"
"367A","プリモグローバルＨＬＤＧ","東S","2669","+53.0(+2.03%)"
"3680","ホットリンク","東G","214","-2.0(-0.93%)"
"3682","エンカレッジ・テクノロジ","東S","602","+4.0(+0.67%)"
"3683","サイバーリンクス","東S","1060","-3.0(-0.28%)"
"3686","ディー・エル・イー","東S","60","-1.0(-1.64%)"
"3687","フィックスターズ","東P","1975","-98.0(-4.73%)"
"368A","北里","東P","1390","+6.0(+0.43%)"
"3690","イルグルム","東S","540","+5.0(+0.93%)"
"3691","デジタルプラス","東G","1422","-114.0(-7.42%)"
"3692","ＦＦＲＩセキュリティ","東G","4790","-100.0(-2.04%)"
"3694","オプティム","東P","399","+6.0(+1.53%)"
"3695","ＧＭＯプロダクトプラットフォー","東G","1458","+8.0(+0.55%)"
"3696","セレス","東P","2142","+22.0(+1.04%)"
"3697","ＳＨＩＦＴ","東P","950.0","+0.0(+0.00%)"
"3698","ＣＲＩ・ミドルウェア","東S","1181","+0.0(+0.00%)"
"369A","エータイ","東G","2239","+13.0(+0.58%)"
"3708","特種東海製紙","東P","2168","+31.0(+1.45%)"
"3710","ジョルダン","東S","620","+0.0(+0.00%)"
"3712","情報企画","東S","1065","+10.0(+0.95%)"
"3719","ＡＩストーム","東S","140","-9.0(-6.04%)"
"3723","日本ファルコム","東G","2632","+71.0(+2.77%)"
"3726","フォーシーズＨＤ","東S","370","+0.0(+0.00%)"
"3727","アプリックス","東G","136","-1.0(-0.73%)"
"372A","レント","東S","5580","+110.0(+2.01%)"
"3733","ソフトウェア・サービス","東S","11330","+400.0(+3.66%)"
"373A","リップス","東G","1489","-1.0(-0.07%)"
"3741","セック","東P","2853","-23.0(-0.80%)"
"3744","サイオス","東S","500","+1.0(+0.20%)"
"3747","インタートレード","東S","386","-11.0(-2.77%)"
"3750","ＡＤＲバイオメディカルＨＬＤＧ","東S","783","+5.0(+0.64%)"
"3753","フライトソリューションズ","東S","178","-1.0(-0.56%)"
"3758","アエリア","東S","244","+0.0(+0.00%)"
"3760","ケイブ","東S","767","-1.0(-0.13%)"
"3762","テクマトリックス","東P","2117","+87.0(+4.29%)"
"3763","プロシップ","東P","1847","+67.0(+3.76%)"
"3765","ガンホー・オンライン","東P","2529","+87.0(+3.56%)"
"3766","システムズ・デザイン","東S","1425","-3.0(-0.21%)"
"3768","リスクモンスター","東S","558","-7.0(-1.24%)"
"3769","ＧＭＯペイメントゲートウェイ","東P","10265.0","+410.0(+4.16%)"
"3771","システムリサーチ","東P","1871","+24.0(+1.30%)"
"3772","ウェルス・マネジメント","東S","1052","-3.0(-0.28%)"
"3773","アドバンスト・メディア","東G","1088","+26.0(+2.45%)"
"3774","インターネットイニシアティブ","東P","3611.0","+93.0(+2.64%)"
"3776","ブロードバンドタワー","東S","227","-3.0(-1.30%)"
"3777","環境フレンドリーＨＬＤＧ","東G","43","-2.0(-4.44%)"
"3778","さくらインターネット","東P","3170","+70.0(+2.26%)"
"3779","ジェイ・エスコムＨＬＤＧ","東S","127","-2.0(-1.55%)"
"3787","テクノマセマティカル","東S","261","-7.0(-2.61%)"
"3788","ＧＭＯグローバルサイン・ＨＬＤ","東P","2275","+98.0(+4.50%)"
"378A","ヒット","東G","1033","-22.0(-2.09%)"
"3791","ＩＧポート","東S","1036","+21.0(+2.07%)"
"3793","ドリコム","東G","446","+12.0(+2.76%)"
"3796","いい生活","東S","297","-1.0(-0.34%)"
"3798","ＵＬＳグループ","東S","582","+12.0(+2.11%)"
"3799","キーウェアソリューションズ","東S","1082","+11.0(+1.03%)"
"3800","ユニリタ","東S","1965","+5.0(+0.26%)"
"3802","エコミック","東S","492","+1.0(+0.20%)"
"3803","イメージ情報開発","東G","486","-14.0(-2.80%)"
"3804","システム　ディ","東S","449","-1.0(-0.22%)"
"3807","フィスコ","東G","83","-2.0(-2.35%)"
"3810","サイバーステップ　ＨＬＤＧ","東S","152","-1.0(-0.65%)"
"3815","メディア工房","東G","444","+1.0(+0.23%)"
"3816","大和コンピューター","東S","1150","+12.0(+1.05%)"
"3817","ＳＲＡ　ＨＬＤＧ","東P","4785","+95.0(+2.03%)"
"3823","ＴＨＥ　ＷＨＹ　ＨＯＷ　ＤＯ","東S","29","-3.0(-9.38%)"
"3825","リミックスポイント","東S","187","-4.0(-2.09%)"
"3826","システムインテグレータ","東S","451","+1.0(+0.22%)"
"3834","朝日ネット","東P","651","+10.0(+1.56%)"
"3835","ｅＢＡＳＥ","東P","433","+8.0(+1.88%)"
"3836","アバントグループ","東P","1328","+50.0(+3.91%)"
"3837","アドソル日進","東P","1534","+36.0(+2.40%)"
"3839","ＯＤＫソリューションズ","東S","638","-2.0(-0.31%)"
"3840","パス","東S","55","-2.0(-3.51%)"
"3841","ジーダット","東S","1211","+11.0(+0.92%)"
"3842","ネクストジェン","東S","990","-5.0(-0.50%)"
"3843","フリービット","東P","1581","+15.0(+0.96%)"
"3844","コムチュア","東P","1455","+39.0(+2.75%)"
"3845","アイフリークモバイル","東S","212","+0.0(+0.00%)"
"3848","データ・アプリケーション","東S","815","-15.0(-1.81%)"
"3850","エヌ・ティ・ティ・データ・イン","東S","3000","+31.0(+1.04%)"
"3851","日本一ソフトウェア","東S","1062","+92.0(+9.48%)"
"3853","アステリア","東P","1010","-22.0(-2.13%)"
"3854","アイル","東P","2355","+55.0(+2.39%)"
"3856","Ａｂａｌａｎｃｅ","東S","489","-2.0(-0.41%)"
"3858","ユビキタスＡＩ","東S","282","-10.0(-3.42%)"
"3861","王子ＨＬＤＧ","東P","896.5","+13.5(+1.53%)"
"3863","日本製紙","東P","1474","-31.0(-2.06%)"
"3864","三菱製紙","東P","1122","+31.0(+2.84%)"
"3865","北越コーポレーション","東P","947","+18.0(+1.94%)"
"386A","みのや","東S","1274","-2.0(-0.16%)"
"3877","中越パルプ工業","東P","2125","+3.0(+0.14%)"
"3878","巴川","東S","778","-16.0(-2.02%)"
"387A","フラー","東G","979","-41.0(-4.02%)"
"3880","大王製紙","東P","1018","+30.0(+3.04%)"
"3891","ニッポン高度紙工業","東S","5440","-610.0(-10.08%)"
"3892","岡山製紙","東S","1609","-11.0(-0.68%)"
"3895","ハビックス","東S","405","-1.0(-0.25%)"
"3896","阿波製紙","東S","361","-10.0(-2.70%)"
"3900","クラウドワークス","東G","692","+20.0(+2.98%)"
"3901","マークラインズ","東P","1397","+44.0(+3.25%)"
"3903","ｇｕｍｉ","東P","249","+7.0(+2.89%)"
"3904","カヤック","東G","405","-9.0(-2.17%)"
"3905","データセクション","東G","1930","-164.0(-7.83%)"
"3907","シリコンスタジオ","東S","1318","+300.0(+29.47%)"
"3908","コラボス","東S","345","+0.0(+0.00%)"
"3909","ショーケース","東S","204","+6.0(+3.03%)"
"3910","エムケイシステム","東S","274","-3.0(-1.08%)"
"3911","Ａｉｍｉｎｇ","東G","205","-5.0(-2.38%)"
"3912","モバイルファクトリー","東S","1057","+0.0(+0.00%)"
"3913","ＧｒｅｅｎＢｅｅ","東S","992","+9.0(+0.92%)"
"3914","ＪＩＧ―ＳＡＷ","東G","2469","+89.0(+3.74%)"
"3915","テラスカイ","東P","2025","+31.0(+1.55%)"
"3916","デジタル・インフォメーション","東P","971","+22.0(+2.32%)"
"3917","アイリッジ","東G","492","+4.0(+0.82%)"
"3918","ＰＣＩ　ＨＬＤＧ","東S","1207","-3.0(-0.25%)"
"3920","アイビーシー","東S","994","-4.0(-0.40%)"
"3921","ネオジャパン","東P","1709","+54.0(+3.26%)"
"3922","ＰＲ　ＴＩＭＥＳ","東P","2101","+1.0(+0.05%)"
"3923","ラクス","東P","1104.0","+44.0(+4.15%)"
"3925","ダブルスタンダード","東P","1285","+31.0(+2.47%)"
"3926","オープンドア","東S","383","-26.0(-6.36%)"
"3927","フーバーブレイン","東S","903","-31.0(-3.32%)"
"3928","マイネット","東S","231","+4.0(+1.76%)"
"3929","ソーシャルワイヤー","東G","242","-18.0(-6.92%)"
"3930","はてな","東G","1140","+32.0(+2.89%)"
"3931","バリューゴルフ","東G","1885","+7.0(+0.37%)"
"3932","アカツキ","東P","3020","+88.0(+3.00%)"
"3933","チエル","東S","484","+7.0(+1.47%)"
"3934","ベネフィットジャパン","東S","2161","-19.0(-0.87%)"
"3935","エディア","東S","709","+0.0(+0.00%)"
"3936","グローバルウェイ","東G","148","-6.0(-3.90%)"
"3937","Ｕｂｉｃｏｍ　ＨＬＤＧ","東S","1016","+15.0(+1.50%)"
"3939","カナミックネットワーク","東P","502","+23.0(+4.80%)"
"3940","ノムラシステムコーポレーション","東S","118","+0.0(+0.00%)"
"3941","レンゴー","東P","1534.5","+15.0(+0.99%)"
"3943","大石産業","東S","1276","+1.0(+0.08%)"
"3944","古林紙工","東S","2795","+144.0(+5.43%)"
"3945","スーパーバッグ","東S","2255","+11.0(+0.49%)"
"3946","トーモク","東P","4640","+100.0(+2.20%)"
"3947","ダイナパック","東S","2180","-20.0(-0.91%)"
"3948","光ビジネスフォーム","東S","1140","+0.0(+0.00%)"
"3950","ザ・パック","東P","1471","+14.0(+0.96%)"
"3951","朝日印刷","東S","884","-1.0(-0.11%)"
"3953","大村紙業","東S","780","-7.0(-0.89%)"
"3954","昭和パックス","東S","-","- (-%)"
"3955","イムラ","東S","841","+6.0(+0.72%)"
"3958","笹徳印刷","東S","549","+2.0(+0.37%)"
"3962","チェンジＨＬＤＧ","東P","960","+30.0(+3.23%)"
"3963","シンクロ・フード","東P","350","+13.0(+3.86%)"
"3964","オークネット","東P","1380","-15.0(-1.08%)"
"3965","キャピタル・アセット・プランニ","東S","856","-1.0(-0.12%)"
"3967","エルテス","東G","585","-11.0(-1.85%)"
"3968","セグエグループ","東P","603","+18.0(+3.08%)"
"3969","エイトレッド","東S","1386","+4.0(+0.29%)"
"3970","イノベーション","東S","780","-10.0(-1.27%)"
"3974","ＳＣＡＴ","東S","670","+12.0(+1.82%)"
"3976","シャノン","東G","580","-15.0(-2.52%)"
"3979","うるる","東G","399","-6.0(-1.48%)"
"3981","ビーグリー","東S","1234","+24.0(+1.98%)"
"3983","オロ","東P","2227","+42.0(+1.92%)"
"3984","ユーザーローカル","東P","1795","+4.0(+0.22%)"
"3985","テモナ","東S","179","-2.0(-1.10%)"
"3986","ビーブレイクシステムズ","東S","485","+1.0(+0.21%)"
"3987","エコモット","東G","625","-1.0(-0.16%)"
"3988","ＳＹＳ　ＨＬＤＧ","東S","549","-1.0(-0.18%)"
"3989","シェアリングテクノロジー","東G","1405","+60.0(+4.46%)"
"3991","ウォンテッドリー","東G","913","-3.0(-0.33%)"
"3992","ニーズウェル","東P","450","+1.0(+0.22%)"
"3993","ＰＫＳＨＡ　Ｔｅｃｈｎｏｌｏｇ","東P","2770","+7.0(+0.25%)"
"3994","マネーフォワード","東P","5950.0","+285.0(+5.03%)"
"3996","サインポスト","東S","197","+4.0(+2.07%)"
"3997","トレードワークス","東S","370","-13.0(-3.39%)"
"3998","すららネット","東G","311","+2.0(+0.65%)"
"4004","レゾナック・ＨＬＤＧ","東P","12245.0","-120.0(-0.97%)"
"4005","住友化学","東P","522.6","-7.2(-1.36%)"
"4008","住友精化","東P","1225","-5.0(-0.41%)"
"4011","ヘッドウォータース","東G","1870","-49.0(-2.55%)"
"4012","アクシス","東S","1746","+34.0(+1.99%)"
"4013","勤次郎","東G","702","+12.0(+1.74%)"
"4014","カラダノート","東G","542","+6.0(+1.12%)"
"4015","ペイクラウドＨＬＤＧ","東G","540","+14.0(+2.66%)"
"4016","ＭＩＴ　ＨＬＤＧ","東S","946","+5.0(+0.53%)"
"4017","クリーマ","東G","218","+4.0(+1.87%)"
"4019","スタメン","東G","625","+14.0(+2.29%)"
"4020","ビートレンド","東G","709","+20.0(+2.90%)"
"4021","日産化学","東P","7373.0","-46.0(-0.62%)"
"4022","ラサ工業","東P","1611","-108.0(-6.28%)"
"4023","クレハ","東P","4265","+10.0(+0.24%)"
"4025","多木化学","東P","4760","+80.0(+1.71%)"
"4026","神島化学工業","東S","1520","-17.0(-1.11%)"
"4027","テイカ","東P","2148","-92.0(-4.11%)"
"4028","石原産業","東P","2845","-53.0(-1.83%)"
"402A","アクセルスペースＨＬＤＧ","東G","422","-27.0(-6.01%)"
"4031","片倉コープアグリ","東S","1025","+0.0(+0.00%)"
"4040","南海化学","東S","3430","-55.0(-1.58%)"
"4041","日本曹達","東P","3855","+40.0(+1.05%)"
"4042","東ソー","東P","2713.5","-31.5(-1.15%)"
"4043","トクヤマ","東P","3911.0","-401.0(-9.30%)"
"4044","セントラル硝子","東P","4105","-45.0(-1.08%)"
"4045","東亞合成","東P","1795.5","+8.0(+0.45%)"
"4046","大阪ソーダ","東P","1692","-78.0(-4.41%)"
"4047","関東電化工業","東P","2420","-101.0(-4.01%)"
"4051","ＧＭＯ　フィナンシャルゲート","東P","6200","+110.0(+1.81%)"
"4052","フィーチャ","東G","280","-41.0(-12.77%)"
"4053","Ｓｕｎ　Ａｓｔｅｒｉｓｋ","東P","467","+11.0(+2.41%)"
"4054","日本情報クリエイト","東G","577","-4.0(-0.69%)"
"4055","ティアンドエスグループ","東G","1380","-58.0(-4.03%)"
"4056","ニューラルグループ","東G","207","+4.0(+1.97%)"
"4057","インターファクトリー","東G","347","-3.0(-0.86%)"
"4058","トヨクモ","東G","2387","+166.0(+7.47%)"
"4059","まぐまぐ","東S","409","-1.0(-0.24%)"
"4060","ｒａｋｕｍｏ","東G","1119","+7.0(+0.63%)"
"4061","デンカ","東P","3255.0","-147.0(-4.32%)"
"4062","イビデン","東P","13470.0","-1,385.0(-9.32%)"
"4063","信越化学工業","東P","5690.0","-182.0(-3.10%)"
"4064","日本カーバイド工業","東P","3110","-65.0(-2.05%)"
"4068","ベイシス","東G","1651","+2.0(+0.12%)"
"4069","ＢｌｕｅＭｅｍｅ","東G","653","-13.0(-1.95%)"
"4071","プラスアルファコンサルティング","東P","2358","+53.0(+2.30%)"
"4072","電算システムＨＬＤＧ","東P","2953","+47.0(+1.62%)"
"4073","ジィ・シィ企画","東G","447","-9.0(-1.97%)"
"4074","ラキール","東G","915","+10.0(+1.10%)"
"4075","ブレインズテクノロジー","東G","842","-20.0(-2.32%)"
"4076","シイエヌエス","東G","1801","-5.0(-0.28%)"
"4078","堺化学工業","東P","3780","-90.0(-2.33%)"
"407A","ＵＮＩＣＯＮ　ＨＬＤＧ","東S","877","+1.0(+0.11%)"
"4082","第一稀元素化学工業","東P","1677","-84.0(-4.77%)"
"4088","エア・ウォーター","東P","2610","-10.0(-0.38%)"
"4091","日本酸素ＨＤ","東P","5835.0","+10.0(+0.17%)"
"4092","日本化学工業","東P","5380","+330.0(+6.53%)"
"4093","東邦アセチレン","東S","418","-2.0(-0.48%)"
"4094","日本化学産業","東S","2115","+29.0(+1.39%)"
"4095","日本パーカライジング","東P","1673","+12.0(+0.72%)"
"4097","高圧ガス工業","東P","1083","-7.0(-0.64%)"
"4098","チタン工業","東S","999","-30.0(-2.92%)"
"4099","四国化成ＨＬＤＧ","東P","2267","-150.0(-6.21%)"
"409A","オリオンビール","東P","1251","+29.0(+2.37%)"
"4100","戸田工業","東S","1258","-64.0(-4.84%)"
"4102","丸尾カルシウム","東S","1437","-33.0(-2.24%)"
"4107","伊勢化学工業","東S","3445","-75.0(-2.13%)"
"4109","ステラ　ケミファ","東P","4980","-150.0(-2.92%)"
"410A","ＧＭＯ　コマース","東G","1124","+5.0(+0.45%)"
"4112","保土谷化学工業","東P","2011","-25.0(-1.23%)"
"4113","田岡化学工業","東S","772","-11.0(-1.40%)"
"4114","日本触媒","東P","2159.5","+9.5(+0.44%)"
"4116","大日精化工業","東P","1117","+16.0(+1.45%)"
"4118","カネカ","東P","5728.0","-10.0(-0.17%)"
"4119","日本ピグメントＨＬＤＧ","東S","5630","-100.0(-1.75%)"
"4120","スガイ化学工業","東S","3090","+40.0(+1.31%)"
"4124","大阪油化工業","東S","2691","-19.0(-0.70%)"
"4125","三和油化工業","東S","3125","-120.0(-3.70%)"
"414A","オーバーラップＨＬＤＧ","東G","846","+5.0(+0.59%)"
"4151","協和キリン","東P","2703.0","+47.0(+1.77%)"
"415A","ＧＭＯ　ＴＥＣＨ　ＨＬＤＧ","東G","4810","-40.0(-0.82%)"
"4165","プレイド","東G","582","+16.0(+2.83%)"
"4166","かっこ","東G","644","-12.0(-1.83%)"
"4167","ココペリ","東G","290","-7.0(-2.36%)"
"4168","ヤプリ","東G","797","+0.0(+0.00%)"
"4169","ＥＮＥＣＨＡＮＧＥ","東G","216","-2.0(-0.92%)"
"416A","富士ユナイトＨＬＤＧ","東S","1182","-8.0(-0.67%)"
"4170","Ｋａｉｚｅｎ　Ｐｌａｔｆｏｒｍ","東G","116","+0.0(+0.00%)"
"4171","グローバルインフォメーション","東S","1667","+0.0(+0.00%)"
"4172","Ｈｉクラテス","東S","-","- (-%)"
"4174","アピリッツ","東S","746","+13.0(+1.77%)"
"4175","ｃｏｌｙ","東G","2770","+126.0(+4.77%)"
"4176","ココナラ","東G","263","+1.0(+0.38%)"
"4177","Ｉ−ＰＬＵＧ","東G","1504","+2.0(+0.13%)"
"4178","Ｓｈａｒｉｎｇ　Ｉｎｎｏｖａｔ","東G","498","-3.0(-0.60%)"
"4179","ジーネクスト","東G","340","+0.0(+0.00%)"
"417A","ブルーゾーン　ＨＬＤＧ","東P","1852.0","+36.0(+1.98%)"
"4180","Ａｐｐｉｅｒ　Ｇｒｏｕｐ","東P","978","+68.0(+7.47%)"
"4182","三菱瓦斯化学","東P","3820.0","-183.0(-4.57%)"
"4183","三井化学","東P","2136.5","+7.5(+0.35%)"
"4186","東京応化工業","東P","8356.0","-633.0(-7.04%)"
"4187","大阪有機化学工業","東P","4250","-315.0(-6.90%)"
"4188","三菱ケミカルグループ","東P","1155.5","-9.5(-0.82%)"
"4189","ＫＨネオケム","東P","3050","+40.0(+1.33%)"
"4192","スパイダープラス","東G","277","+1.0(+0.36%)"
"4193","ファブリカＨＬＤＧ","東S","2356","+11.0(+0.47%)"
"4194","ビジョナル","東P","9296.0","+296.0(+3.29%)"
"4196","ネオマーケティング","東S","1837","+87.0(+4.97%)"
"4197","アスマーク","東S","2305","+2.0(+0.09%)"
"4198","テンダ","東S","487","-3.0(-0.61%)"
"4199","ワンダープラネット","東G","800","-23.0(-2.79%)"
"4202","ダイセル","東P","1445.0","-15.0(-1.03%)"
"4203","住友ベークライト","東P","6026.0","-271.0(-4.30%)"
"4204","積水化学工業","東P","2759.0","+44.0(+1.62%)"
"4205","日本ゼオン","東P","2254.0","+71.5(+3.28%)"
"4206","アイカ工業","東P","3786.0","+64.0(+1.72%)"
"4208","ＵＢＥ","東P","3185.0","-28.0(-0.87%)"
"4212","積水樹脂","東P","2656","+4.0(+0.15%)"
"4216","旭有機材","東P","5750","-190.0(-3.20%)"
"4218","ニチバン","東P","1974","+32.0(+1.65%)"
"421A","ムービン・ストラテジック・キャ","東G","3585","-100.0(-2.71%)"
"4220","リケンテクノス","東P","1787","-7.0(-0.39%)"
"4221","大倉工業","東P","5140","-30.0(-0.58%)"
"4222","児玉化学工業","東S","556","-13.0(-2.28%)"
"4224","ロンシール工業","東S","2144","-8.0(-0.37%)"
"4228","積水化成品工業","東P","497","-12.0(-2.36%)"
"4229","群栄化学工業","東P","4215","-210.0(-4.75%)"
"4231","タイガースポリマー","東S","998","+1.0(+0.10%)"
"4234","サンエー化研","東S","683","-14.0(-2.01%)"
"4235","ウルトラファブリックスＨＬＤＧ","東S","689","+1.0(+0.15%)"
"4237","フジプレアム","東S","325","-6.0(-1.81%)"
"4238","ミライアル","東S","1496","-86.0(-5.44%)"
"423A","ライオン事務器","東S","308","-1.0(-0.32%)"
"4240","クラスターテクノロジー","東S","302","-6.0(-1.95%)"
"4241","アテクト","東S","600","-30.0(-4.76%)"
"4242","タカギセイコー","東S","1846","-5.0(-0.27%)"
"4243","ニックス","東S","911","-3.0(-0.33%)"
"4245","ダイキアクシス","東S","683","+3.0(+0.44%)"
"4246","ダイキョーニシカワ","東P","1028","+10.0(+0.98%)"
"4247","ポバール興業","東S","1352","-47.0(-3.36%)"
"4248","竹本容器","東S","863","+0.0(+0.00%)"
"4249","森六","東P","2544","+34.0(+1.35%)"
"4251","恵和","東P","1210","+6.0(+0.50%)"
"4255","ＴＨＥＣＯＯ","東G","2429","+28.0(+1.17%)"
"4256","サインド","東G","990","-11.0(-1.10%)"
"4258","網屋","東G","4430","+100.0(+2.31%)"
"4259","エクサウィザーズ","東G","751","-37.0(-4.70%)"
"4260","ハイブリッドテクノロジーズ","東G","205","-15.0(-6.82%)"
"4261","アジアクエスト","東G","3040","-50.0(-1.62%)"
"4262","ニフティライフスタイル","東G","1370","+8.0(+0.59%)"
"4263","サスメド","東G","688","-13.0(-1.85%)"
"4264","セキュア","東G","1542","+0.0(+0.00%)"
"4265","Ｉｎｓｔｉｔｕｔｉｏｎ　ｆｏｒ","東G","279","+0.0(+0.00%)"
"4270","ＢｅｅＸ","東G","1800","-3.0(-0.17%)"
"4272","日本化薬","東P","1931.0","-13.5(-0.69%)"
"4274","細谷火工","東S","1055","+8.0(+0.76%)"
"4275","カーリット","東P","2169","-93.0(-4.11%)"
"4284","ソルクシーズ","東S","433","-6.0(-1.37%)"
"4286","ＣＬＨＬＤＧ","東S","1158","+15.0(+1.31%)"
"4287","ジャストプランニング","東S","471","-2.0(-0.42%)"
"4288","アズジェント","東S","407","-2.0(-0.49%)"
"428A","サイプレス・ＨＬＤＧ","東S","1392","+22.0(+1.61%)"
"4290","プレステージ・インターナショナ","東P","732","+46.0(+6.71%)"
"4293","セプテーニＨＬＤＧ","東S","532","+22.0(+4.31%)"
"4299","ハイマックス","東S","1245","+27.0(+2.22%)"
"429A","テクセンドフォトマスク","東P","3545","-240.0(-6.34%)"
"4301","アミューズ","東P","2028","+81.0(+4.16%)"
"4307","野村総合研究所","東P","5493.0","+115.0(+2.14%)"
"4308","Ｊストリーム","東G","351","-2.0(-0.57%)"
"4310","ドリームインキュベータ","東P","2671","+30.0(+1.14%)"
"4316","ビーマップ","東G","92","-2.0(-2.13%)"
"4317","レイ","東S","491","-8.0(-1.60%)"
"4318","クイック","東P","798","+8.0(+1.01%)"
"431A","ユーソナー","東G","1975","+25.0(+1.28%)"
"4320","ＣＥ　ＨＬＤＧ","東S","1704","+14.0(+0.83%)"
"4323","日本システム技術","東P","1900","+38.0(+2.04%)"
"4324","電通グループ","東P","3874.0","+252.0(+6.96%)"
"4326","インテージＨＬＤＧ","東P","2080","+57.0(+2.82%)"
"4331","テイクアンドギヴ・ニーズ","東P","690","+12.0(+1.77%)"
"4334","ユークス","東S","375","-6.0(-1.57%)"
"4335","ＩＰＳ　ＨＬＤＧ","東S","1100","-5.0(-0.45%)"
"4337","ぴあ","東P","2896","+54.0(+1.90%)"
"4341","西菱電機","東S","874","+2.0(+0.23%)"
"4343","イオンファンタジー","東P","2753","+36.0(+1.32%)"
"4344","ソースネクスト","東P","112","+1.0(+0.90%)"
"4345","シーティーエス","東P","907","+13.0(+1.45%)"
"4346","ＮＥＸＹＺ．Ｇｒｏｕｐ","東S","804","+29.0(+3.74%)"
"4347","ブロードメディア","東S","1762","+2.0(+0.11%)"
"4350","メディカルシステムネットワーク","東S","490","+0.0(+0.00%)"
"4351","山田再生系債権回収総合事務所","東S","850","+0.0(+0.00%)"
"4356","応用技術","東S","1666","-6.0(-0.36%)"
"4360","マナック・ケミカル・パートナー","東S","771","-36.0(-4.46%)"
"4361","川口化学工業","東S","1495","-23.0(-1.52%)"
"4362","日本精化","東P","2665","+17.0(+0.64%)"
"4365","松本油脂製薬","東S","19590","-90.0(-0.46%)"
"4366","ダイトーケミックス","東S","400","-21.0(-4.99%)"
"4367","広栄化学","東S","2550","-47.0(-1.81%)"
"4368","扶桑化学工業","東P","3300","-225.0(-6.38%)"
"4369","トリケミカル研究所","東P","2868","-187.0(-6.12%)"
"436A","サイバーソリューションズ","東G","999","-24.0(-2.35%)"
"4370","モビルス","東G","320","-5.0(-1.54%)"
"4371","コアコンセプト・テクノロジー","東G","1454","+57.0(+4.08%)"
"4372","ユミルリンク","東G","1269","-6.0(-0.47%)"
"4373","シンプレクス・ＨＬＤＧ","東P","1183","+39.0(+3.41%)"
"4374","ＲＯＢＯＴ ＰＡＹＭＥＮＴ","東G","2300","-2.0(-0.09%)"
"4375","セーフィー","東G","655","+5.0(+0.77%)"
"4376","くふうカンパニーＨＬＤＧ","東G","155","-1.0(-0.64%)"
"4377","ワンキャリア","東G","2119","+71.0(+3.47%)"
"4378","ＣＩＮＣ","東G","462","+2.0(+0.43%)"
"4379","Ｐｈｏｔｏｓｙｎｔｈ","東G","385","-14.0(-3.51%)"
"4380","Ｍマート","東G","1210","-39.0(-3.12%)"
"4381","ビープラッツ","東G","302","-24.0(-7.36%)"
"4382","ＨＥＲＯＺ","東S","695","-2.0(-0.29%)"
"4385","メルカリ","東P","4501.0","-41.0(-0.90%)"
"4386","ＳＩＧグループ","東S","838","-3.0(-0.36%)"
"4387","ＺＵＵ","東G","475","-11.0(-2.26%)"
"4388","エーアイ","東S","353","-2.0(-0.56%)"
"4389","プロパティデータバンク","東G","1056","-4.0(-0.38%)"
"438A","インフキュリオン","東G","888","+40.0(+4.72%)"
"4390","ＩＰＳ","東P","3370","-45.0(-1.32%)"
"4391","ロジザード","東G","1164","-5.0(-0.43%)"
"4392","ＦＩＧ","東P","847","-44.0(-4.94%)"
"4393","バンク・オブ・イノベーション","東G","4715","+60.0(+1.29%)"
"4394","エクスモーション","東G","541","-3.0(-0.55%)"
"4395","アクリート","東G","695","-20.0(-2.80%)"
"4396","システムサポートＨＬＤＧ","東P","1127","+17.0(+1.53%)"
"4397","チームスピリット","東G","402","+17.0(+4.42%)"
"4398","ブロードバンドセキュリティ","東S","1240","-7.0(-0.56%)"
"4401","ＡＤＥＫＡ","東P","3819.0","-57.0(-1.47%)"
"4403","日油","東P","2825.5","+31.5(+1.13%)"
"4404","ミヨシ油脂","東S","1928","+26.0(+1.37%)"
"4406","新日本理化","東S","197","-2.0(-1.01%)"
"4409","東邦化学工業","東S","733","-1.0(-0.14%)"
"4410","ハリマ化成グループ","東P","990","-5.0(-0.50%)"
"4412","サイエンスアーツ","東G","1091","-25.0(-2.24%)"
"4413","ボードルア","東P","3045","+109.0(+3.71%)"
"4414","フレクト","東G","1208","+13.0(+1.09%)"
"4415","ブロードエンタープライズ","東G","1303","+2.0(+0.15%)"
"4416","Ｔｒｕｅ　Ｄａｔａ","東G","391","-21.0(-5.10%)"
"4417","グローバルセキュリティエキスパ","東G","4515","+110.0(+2.50%)"
"4418","ＪＤＳＣ","東G","789","-5.0(-0.63%)"
"4419","ＦｉｎａｔｅｘｔＨＬＤＧ","東G","1603","+12.0(+0.75%)"
"441A","ＮＥ","東G","255","+2.0(+0.79%)"
"4420","イーソル","東S","708","-30.0(-4.07%)"
"4421","ディ・アイ・システム","東S","920","-3.0(-0.33%)"
"4422","ＶＡＬＵＥＮＥＸ","東G","487","-27.0(-5.25%)"
"4424","Ａｍａｚｉａ","東G","390","+30.0(+8.33%)"
"4425","Ｋｕｄａｎ","東G","1529","-139.0(-8.33%)"
"4427","ＥｄｕＬａｂ","東G","205","+2.0(+0.99%)"
"4428","シノプス","東G","712","-36.0(-4.81%)"
"4429","リックソフト","東G","690","-9.0(-1.29%)"
"442A","クラシコ","東G","968","+8.0(+0.83%)"
"4430","東海ソフト","東S","1666","+11.0(+0.66%)"
"4431","スマレジ","東G","3295","+135.0(+4.27%)"
"4432","ウイングアーク１ｓｔ","東P","3230","+175.0(+5.73%)"
"4433","ヒト・コミュニケーションズＨＤ","東P","904","+6.0(+0.67%)"
"4434","サーバーワークス","東S","2372","+196.0(+9.01%)"
"4436","ミンカブ・ジ・インフォノイド","東G","454","+4.0(+0.89%)"
"4437","ｇｏｏｄｄａｙｓ　ＨＬＤＧ","東G","801","-11.0(-1.35%)"
"4438","Ｗｅｌｂｙ","東G","243","+5.0(+2.10%)"
"4439","東名","東S","785","-36.0(-4.38%)"
"4440","ヴィッツ","東S","1126","-18.0(-1.57%)"
"4441","トビラシステムズ","東S","1650","-3.0(-0.18%)"
"4442","バルテス・ＨＬＤＧ","東G","412","+2.0(+0.49%)"
"4443","Ｓａｎｓａｎ","東P","2051","+80.0(+4.06%)"
"4444","インフォネット","東G","912","+1.0(+0.11%)"
"4445","リビン・テクノロジーズ","東G","1758","-2.0(-0.11%)"
"4446","Ｌｉｎｋ−Ｕグループ","東S","800","+0.0(+0.00%)"
"4447","ピー・ビーシステムズ","東G","465","-4.0(-0.85%)"
"4448","ｋｕｂｅｌｌ","東G","298","+6.0(+2.05%)"
"4450","パワーソリューションズ","東G","2117","+8.0(+0.38%)"
"4452","花王","東P","3419.0","+99.0(+2.98%)"
"4461","第一工業製薬","東P","8830","-190.0(-2.11%)"
"4462","石原ケミカル","東P","2678","-127.0(-4.53%)"
"4463","日華化学","東S","1750","-27.0(-1.52%)"
"4464","ソフト９９コーポレーション","東S","3570","+5.0(+0.14%)"
"4465","ニイタカ","東S","2250","+8.0(+0.36%)"
"446A","ノースサンド","東G","1609","+35.0(+2.22%)"
"4471","三洋化成工業","東P","4805","-5.0(-0.10%)"
"4475","ＨＥＮＮＧＥ","東G","1330","+4.0(+0.30%)"
"4476","ＡＩ　ＣＲＯＳＳ","東G","1081","+42.0(+4.04%)"
"4477","ＢＡＳＥ","東G","304","-2.0(-0.65%)"
"4478","フリー","東G","2705","+142.0(+5.54%)"
"4479","マクアケ","東G","855","-169.0(-16.50%)"
"4480","メドレー","東P","2085","+92.0(+4.62%)"
"4481","ベース","東P","3260","+60.0(+1.88%)"
"4482","ウィルズ","東G","723","+0.0(+0.00%)"
"4483","ＪＭＤＣ","東P","3260","+50.0(+1.56%)"
"4484","ランサーズ","東G","285","-1.0(-0.35%)"
"4486","ユナイトアンドグロウ","東G","638","-9.0(-1.39%)"
"4487","スペースマーケット","東G","219","-5.0(-2.23%)"
"4488","ＡＩ　ｉｎｓｉｄｅ","東G","2127","+7.0(+0.33%)"
"4490","ビザスク","東G","663","-6.0(-0.90%)"
"4491","コンピューターマネージメント","東S","3150","+10.0(+0.32%)"
"4492","ゼネテック","東S","379","-39.0(-9.33%)"
"4493","サイバーセキュリティクラウド","東G","1762","+1.0(+0.06%)"
"4495","アイキューブドシステムズ","東G","1940","+14.0(+0.73%)"
"4496","コマースＯｎｅ　ＨＬＤＧ","東G","808","-37.0(-4.38%)"
"4498","サイバートラスト","東G","1158","-8.0(-0.69%)"
"4499","Ｓｐｅｅｅ","東S","2073","-1.0(-0.05%)"
"4502","武田薬品工業","東P","5847.0","+103.0(+1.79%)"
"4503","アステラス製薬","東P","2295.5","+62.0(+2.78%)"
"4506","住友ファーマ","東P","1266.0","-26.5(-2.05%)"
"4507","塩野義製薬","東P","3070.0","+167.5(+5.77%)"
"4512","わかもと製薬","東S","269","+3.0(+1.13%)"
"4516","日本新薬","東P","3550.0","-30.0(-0.84%)"
"4519","中外製薬","東P","7069.0","+70.0(+1.00%)"
"4521","科研製薬","東P","3990","+80.0(+2.05%)"
"4523","エーザイ","東P","5110.0","+319.0(+6.66%)"
"4524","森下仁丹","東S","2222","+24.0(+1.09%)"
"4526","理研ビタミン","東P","3280","+80.0(+2.50%)"
"4527","ロート製薬","東P","2524.5","+145.0(+6.09%)"
"4528","小野薬品工業","東P","2491.5","+74.5(+3.08%)"
"4531","有機合成薬品工業","東S","328","-5.0(-1.50%)"
"4534","持田製薬","東P","3245","+60.0(+1.88%)"
"4536","参天製薬","東P","2020.5","+60.5(+3.09%)"
"4538","扶桑薬品工業","東P","2267","+42.0(+1.89%)"
"4539","日本ケミファ","東S","1614","-16.0(-0.98%)"
"4540","ツムラ","東P","4045.0","+116.0(+2.95%)"
"4543","テルモ","東P","2382.5","+93.5(+4.08%)"
"4544","Ｈ．Ｕ．グループＨＬＤＧ","東P","3595.0","+123.0(+3.54%)"
"4547","キッセイ薬品工業","東P","4335","+95.0(+2.24%)"
"4548","生化学工業","東P","759","+16.0(+2.15%)"
"4549","栄研化学","東P","2515","+53.0(+2.15%)"
"4552","ＪＣＲファーマ","東P","517","-1.0(-0.19%)"
"4553","東和薬品","東P","4235","+115.0(+2.79%)"
"4554","富士製薬工業","東P","1897","+34.0(+1.83%)"
"4558","中京医薬品","東S","198","-1.0(-0.50%)"
"4559","ゼリア新薬工業","東P","2187","+67.0(+3.16%)"
"4563","アンジェス","東G","47","+0.0(+0.00%)"
"4564","オンコセラピー・サイエンス","東G","20","+0.0(+0.00%)"
"4565","ネクセラファーマ","東P","870","+3.0(+0.35%)"
"4568","第一三共","東P","2886.5","-3.0(-0.10%)"
"4569","杏林製薬","東P","1218","+36.0(+3.05%)"
"456A","ＨＵＭＡＮ　ＭＡＤＥ","東G","1336","-42.0(-3.05%)"
"4570","免疫生物研究所","東G","911","-29.0(-3.09%)"
"4571","ＮＡＮＯＨＬＤＧ","東G","95","+0.0(+0.00%)"
"4572","カルナバイオサイエンス","東G","292","-4.0(-1.35%)"
"4574","大幸薬品","東P","255","+6.0(+2.41%)"
"4575","キャンバス","東G","682","-48.0(-6.58%)"
"4576","デ・ウエスタン・セラピテクス","東G","75","-2.0(-2.60%)"
"4577","ダイト","東P","1293","+18.0(+1.41%)"
"4578","大塚ＨＬＤＧ","東P","11505.0","+120.0(+1.05%)"
"4579","ラクオリア創薬","東G","453","+0.0(+0.00%)"
"4582","シンバイオ製薬","東G","66","-2.0(-2.94%)"
"4583","カイオム・バイオサイエンス","東G","68","+0.0(+0.00%)"
"4584","キッズウェル・バイオ","東G","138","-2.0(-1.43%)"
"4586","メドレックス","東G","64","-2.0(-3.03%)"
"4587","ペプチドリーム","東P","948.7","+18.4(+1.98%)"
"4588","オンコリスバイオファーマ","東G","2451","-40.0(-1.61%)"
"4591","リボミック","東G","71","+0.0(+0.00%)"
"4592","サンバイオ","東G","900","-26.0(-2.81%)"
"4593","ヘリオス","東G","212","-14.0(-6.19%)"
"4594","ブライトパス・バイオ","東G","46","-1.0(-2.13%)"
"4595","ミズホメディー","東S","1694","+18.0(+1.07%)"
"4596","窪田製薬ＨＬＤＧ","東G","57","-5.0(-8.06%)"
"4597","ソレイジア・ファーマ","東G","29","+0.0(+0.00%)"
"4598","Ｄｅｌｔａ―Ｆｌｙ　Ｐｈａｒｍ","東G","95","-4.0(-4.04%)"
"4599","ステムリム","東G","288","-4.0(-1.37%)"
"460A","ＢＲＡＮＵ","東G","901","+11.0(+1.24%)"
"4611","大日本塗料","東P","1368","-5.0(-0.36%)"
"4612","日本ペイントＨＬＤＧ","東P","1237.0","+29.0(+2.40%)"
"4613","関西ペイント","東P","2864.0","+70.0(+2.51%)"
"4615","神東塗料","東S","130","+0.0(+0.00%)"
"4616","川上塗料","東S","2017","-3.0(-0.15%)"
"4617","中国塗料","東P","3600","-180.0(-4.76%)"
"4619","日本特殊塗料","東S","2502","+41.0(+1.67%)"
"4620","藤倉化成","東S","831","-14.0(-1.66%)"
"4623","アサヒペン","東S","-","- (-%)"
"4624","イサム塗料","東S","3540","+20.0(+0.57%)"
"4625","アトミクス","東S","732","-6.0(-0.81%)"
"4626","太陽ＨＬＤＧ","東P","4685.0","-4.0(-0.09%)"
"4627","ナトコ","東S","-","- (-%)"
"4628","エスケー化研","東S","8800","-160.0(-1.79%)"
"4629","大伸化学","東S","1901","+17.0(+0.90%)"
"462A","ＦＵＮＤＩＮＮＯ","東G","213","-1.0(-0.47%)"
"4631","ＤＩＣ","東P","4359.0","-25.0(-0.57%)"
"4633","サカタインクス","東P","2512","+10.0(+0.40%)"
"4634","ａｒｔｉｅｎｃｅ","東P","4490","+15.0(+0.34%)"
"4635","東京インキ","東S","1400","-14.0(-0.99%)"
"463A","インテリックスＨＬＤＧ","東S","930","-4.0(-0.43%)"
"4641","アルプス技研","東P","851","+15.0(+1.79%)"
"4642","オリジナル設計","東S","1422","+20.0(+1.43%)"
"4644","イマジニア","東S","1062","+12.0(+1.14%)"
"4645","市進ＨＬＤＧ","東S","434","+2.0(+0.46%)"
"464A","ＱＰＳＨＬＤＧ","東G","1371","-146.0(-9.62%)"
"4650","ＳＤエンターテイメント","東S","268","-1.0(-0.37%)"
"4651","サニックスＨＬＤＧ","東S","264","+3.0(+1.15%)"
"4657","環境管理センター","東S","458","+1.0(+0.22%)"
"4658","日本空調サービス","東P","1574","-22.0(-1.38%)"
"4661","オリエンタルランド","東P","3030.0","+126.0(+4.34%)"
"4662","フォーカスシステムズ","東P","1787","+24.0(+1.36%)"
"4664","アール・エス・シー","東S","897","-31.0(-3.34%)"
"4665","ダスキン","東P","4699.0","+113.0(+2.46%)"
"4666","パーク２４","東P","2068.0","+48.0(+2.38%)"
"4667","アイサンテクノロジー","東S","1762","-38.0(-2.11%)"
"4668","明光ネットワークジャパン","東P","805","+14.0(+1.77%)"
"4671","ファルコＨＬＤＧ","東S","2759","+55.0(+2.03%)"
"4673","川崎地質","東S","4675","-25.0(-0.53%)"
"4674","クレスコ","東P","1610","+34.0(+2.16%)"
"4676","フジ・メディアＨＬＤＧ","東P","4259.0","+53.0(+1.26%)"
"4678","秀英予備校","東S","322","+2.0(+0.63%)"
"4679","田谷","東S","255","-3.0(-1.16%)"
"4680","ラウンドワン","東P","1257.0","+17.5(+1.41%)"
"4681","リゾートトラスト","東P","1855.5","+61.5(+3.43%)"
"4684","オービック","東P","4752.0","+185.0(+4.05%)"
"4685","菱友システムズ","東S","2848","-1.0(-0.04%)"
"4686","ジャストシステム","東P","4065","+125.0(+3.17%)"
"4687","ＴＤＣソフト","東P","1126","+33.0(+3.02%)"
"4689","ＬＩＮＥヤフー","東P","472.6","+21.6(+4.79%)"
"4691","ワシントンホテル","東S","2094","-82.0(-3.77%)"
"4694","ビー・エム・エル","東P","3700","+90.0(+2.49%)"
"469A","フィットクルー","東G","1444","+4.0(+0.28%)"
"4704","トレンドマイクロ","東P","6799.0","+225.0(+3.42%)"
"4705","クリップコーポレーション","東S","777","+0.0(+0.00%)"
"4707","キタック","東S","327","-1.0(-0.30%)"
"4709","ＩＤ　ＨＬＤＧ","東P","1156","+25.0(+2.21%)"
"4712","ＫｅｙＨｏｌｄｅｒ","東S","742","+8.0(+1.09%)"
"4714","リソー教育グループ","東P","204","+1.0(+0.49%)"
"4716","日本オラクル","東S","8959.0","+186.0(+2.12%)"
"4718","早稲田アカデミー","東P","2602","+106.0(+4.25%)"
"4719","アルファシステムズ","東P","3430","+60.0(+1.78%)"
"471A","ＮＳグループ","東P","1513","+18.0(+1.20%)"
"4720","城南進学研究社","東S","244","+1.0(+0.41%)"
"4722","フューチャー","東P","2382","+42.0(+1.79%)"
"4725","ＣＡＣ　ＨＬＤＧ","東P","1888","+34.0(+1.83%)"
"4728","トーセ","東S","642","-2.0(-0.31%)"
"472A","ミラティブ","東G","512","-8.0(-1.54%)"
"4732","ユー・エス・エス","東P","2063.5","+43.0(+2.13%)"
"4733","オービックビジネスコンサルタン","東P","8426.0","+425.0(+5.31%)"
"4735","京進","東S","301","-4.0(-1.31%)"
"4736","日本ラッド","東S","585","+3.0(+0.52%)"
"4743","アイティフォー","東P","1774","+40.0(+2.31%)"
"4746","東計電算","東S","5040","+70.0(+1.41%)"
"4750","ダイサン","東S","560","-2.0(-0.36%)"
"4751","サイバーエージェント","東P","1576.0","+60.5(+3.99%)"
"4752","昭和システムエンジニアリング","東S","1536","-2.0(-0.13%)"
"4754","トスネット","東S","1513","+11.0(+0.73%)"
"4755","楽天グループ","東P","840.4","+8.4(+1.01%)"
"475A","ギミック","東S","577","-17.0(-2.86%)"
"4760","アルファ","東S","1605","+10.0(+0.63%)"
"4761","さくらケーシーエス","東S","1496","+9.0(+0.61%)"
"4762","エックスネット","東S","1999","+6.0(+0.30%)"
"4763","クリーク・アンド・リバー社","東P","1522","+18.0(+1.20%)"
"4765","ＳＢＩグローバルアセットマネジ","東P","608","+20.0(+3.40%)"
"4766","ピーエイ","東S","196","-1.0(-0.51%)"
"4767","テー・オー・ダブリュー","東S","343","+4.0(+1.18%)"
"4768","大塚商会","東P","3421.0","+170.0(+5.23%)"
"4769","ＩＣ","東S","1110","+21.0(+1.93%)"
"476A","辻・本郷ＩＴコンサルティング","東S","1579","-21.0(-1.31%)"
"4771","エフアンドエム","東S","2430","+49.0(+2.06%)"
"4772","ＳＭ　ＥＮＴＥＲＴＡＩＮＭＥＮ","東G","77","-2.0(-2.53%)"
"4776","サイボウズ","東P","2831","+172.0(+6.47%)"
"4777","ガーラ","東S","197","-2.0(-1.01%)"
"477A","スタートライン","東G","587","-8.0(-1.34%)"
"4783","ＮＣＤ","東S","2508","+29.0(+1.17%)"
"4784","ＧＭＯインターネット","東P","530","+13.0(+2.51%)"
"478A","フツパー","東G","734","-6.0(-0.81%)"
"4792","山田コンサルティンググループ","東P","1724","+3.0(+0.17%)"
"479A","ＰＲＯＮＩ","東G","1316","-18.0(-1.35%)"
"4800","オリコン","東S","1358","+1.0(+0.07%)"
"4801","セントラルスポーツ","東P","2464","+52.0(+2.16%)"
"4809","パラカ","東P","2099","+11.0(+0.53%)"
"480A","リブ・コンサルティング","東G","998","+0.0(+0.00%)"
"4811","ドリーム・アーツ","東G","825","-3.0(-0.36%)"
"4812","電通総研","東P","2733","+25.0(+0.92%)"
"4813","ＡＣＣＥＳＳ","東P","343","+2.0(+0.59%)"
"4814","ネクストウェア","東S","152","-2.0(-1.30%)"
"4816","東映アニメーション","東S","2994","+92.0(+3.17%)"
"4819","デジタルガレージ","東P","2384","+96.0(+4.20%)"
"4820","イーエムシステムズ","東P","567","+11.0(+1.98%)"
"4825","ウェザーニューズ","東P","1968","+38.0(+1.97%)"
"4826","ＣＩＪ","東P","514","-2.0(-0.39%)"
"4828","ビジネスエンジニアリング","東P","1266","+41.0(+3.35%)"
"4829","日本エンタープライズ","東S","104","-1.0(-0.95%)"
"4832","ＪＦＥシステムズ","東S","2079","+53.0(+2.62%)"
"4833","Ｄｅｆ　ｃｏｎｓｕｌｔｉｎｇ","東G","44","-1.0(-2.22%)"
"4838","スペースシャワーＳＫＩＹＡＫＩ","東S","664","-6.0(-0.90%)"
"4839","ＷＯＷＯＷ","東P","1030","+12.0(+1.18%)"
"483A","テラテクノロジー","東S","2193","+0.0(+0.00%)"
"4840","トライアイズ","東S","519","-20.0(-3.71%)"
"4845","スカラ","東S","342","+6.0(+1.79%)"
"4847","インテリジェント　ウェイブ","東P","1013","+4.0(+0.40%)"
"4848","フルキャストＨＬＤＧ","東P","1775","+63.0(+3.68%)"
"4849","エン","東P","1330","+24.0(+1.84%)"
"485A","パワーエックス","東G","1360","-160.0(-10.53%)"
"4875","メディシノバ","東S","209","-7.0(-3.24%)"
"4880","セルソース","東S","314","+0.0(+0.00%)"
"4881","ファンペップ","東G","50","-2.0(-3.85%)"
"4882","ペルセウスプロテオミクス","東G","142","-3.0(-2.07%)"
"4883","モダリス","東G","30","-1.0(-3.23%)"
"4884","クリングルファーマ","東G","308","-4.0(-1.28%)"
"4885","室町ケミカル","東S","885","-3.0(-0.34%)"
"4886","あすか製薬ＨＬＤＧ","東P","2224","+11.0(+0.50%)"
"4887","サワイグループＨＬＤＧ","東P","1710.5","+35.5(+2.12%)"
"4888","ステラファーマ","東G","299","-11.0(-3.55%)"
"4889","レナサイエンス","東G","1432","-61.0(-4.09%)"
"4890","坪田ラボ","東G","240","+3.0(+1.27%)"
"4891","ティムス","東G","93","-4.0(-4.12%)"
"4892","サイフューズ","東G","495","-21.0(-4.07%)"
"4893","ノイルイミューン・バイオ","東G","133","-10.0(-6.99%)"
"4894","クオリプス","東G","4235","+105.0(+2.54%)"
"4896","ケイファーマ","東G","715","-25.0(-3.38%)"
"4901","富士フイルムＨＬＤＧ","東P","3866.0","+111.0(+2.96%)"
"4902","コニカミノルタ","東P","684.2","+22.7(+3.43%)"
"4911","資生堂","東P","3481.0","+228.0(+7.01%)"
"4912","ライオン","東P","1775.0","+50.5(+2.93%)"
"4914","高砂香料工業","東P","1220","+22.0(+1.84%)"
"4918","アイビー化粧品","東S","304","-3.0(-0.98%)"
"4919","ミルボン","東P","2931","+83.0(+2.91%)"
"4920","日本色材工業研究所","東S","1110","-1.0(-0.09%)"
"4922","コーセーＨＬＤＧ","東P","6039.0","+244.0(+4.21%)"
"4923","コタ","東P","1258","+39.0(+3.20%)"
"4925","ハーバー研究所","東S","1748","+0.0(+0.00%)"
"4926","シーボン","東S","1245","+10.0(+0.81%)"
"4927","ポーラ・オルビスＨＬＤＧ","東P","1398.0","+40.5(+2.98%)"
"4928","ノエビアＨＬＤＧ","東P","4955","+125.0(+2.59%)"
"4929","アジュバンＨＬＤＧ","東S","741","+1.0(+0.14%)"
"4931","新日本製薬","東P","2100","+45.0(+2.19%)"
"4932","アルマード","東S","715","+15.0(+2.14%)"
"4933","Ｉ−ｎｅ","東P","1280","+18.0(+1.43%)"
"4934","プレミアアンチエイジング","東G","621","-1.0(-0.16%)"
"4935","リベルタ","東S","248","-10.0(-3.88%)"
"4936","アクシージア","東S","352","+3.0(+0.86%)"
"4937","Ｗａｑｏｏ","東G","1511","-1.0(-0.07%)"
"4951","エステー","東P","1569","+22.0(+1.42%)"
"4956","コニシ","東P","1432","+19.0(+1.34%)"
"4958","長谷川香料","東P","3285","+25.0(+0.77%)"
"4960","ケミプロ化成","東S","482","-15.0(-3.02%)"
"4966","上村工業","東S","20230","-1,400.0(-6.47%)"
"4967","小林製薬","東P","5874.0","+225.0(+3.98%)"
"4968","荒川化学工業","東P","1740","-85.0(-4.66%)"
"4970","東洋合成工業","東S","12080","-460.0(-3.67%)"
"4971","メック","東P","7340","-240.0(-3.17%)"
"4972","綜研化学","東S","2981","-59.0(-1.94%)"
"4973","日本高純度化学","東P","4240","-65.0(-1.51%)"
"4975","ＪＣＵ","東P","5520","-200.0(-3.50%)"
"4976","東洋ドライルーブ","東S","1272","-8.0(-0.63%)"
"4977","新田ゼラチン","東S","1282","-6.0(-0.47%)"
"4978","リプロセル","東G","124","+0.0(+0.00%)"
"4979","ＯＡＴアグリオ","東S","2461","+27.0(+1.11%)"
"4980","デクセリアルズ","東P","3135.0","-236.0(-7.00%)"
"4985","アース製薬","東P","4865","+135.0(+2.85%)"
"4990","昭和化学工業","東S","501","+5.0(+1.01%)"
"4992","北興化学工業","東S","1779","-41.0(-2.25%)"
"4994","大成ラミックグループ","東S","2568","+42.0(+1.66%)"
"4996","クミアイ化学工業","東P","739","+8.0(+1.09%)"
"4997","日本農薬","東P","1058","+1.0(+0.09%)"
"4998","フマキラー","東S","1210","-9.0(-0.74%)"
"500A","ＴＯブックス","東S","2920","-9.0(-0.31%)"
"5010","日本精蝋","東S","230","-4.0(-1.71%)"
"5011","ニチレキグループ","東P","2280","+71.0(+3.21%)"
"5013","ユシロ","東S","2858","-86.0(-2.92%)"
"5015","ビーピー・カストロール","東S","995","+0.0(+0.00%)"
"5016","ＪＸ金属","東P","3331.0","-99.0(-2.89%)"
"5018","ＭＯＲＥＳＣＯ","東S","2154","+34.0(+1.60%)"
"5019","出光興産","東P","1321.0","+14.0(+1.07%)"
"5020","ＥＮＥＯＳ　ＨＬＤＧ","東P","1310.5","+14.5(+1.12%)"
"5021","コスモエネルギーＨＬＤＧ","東P","3988.0","+41.0(+1.04%)"
"5025","マーキュリー","東G","549","-10.0(-1.79%)"
"5026","トリプルアイズ","東G","558","-24.0(-4.12%)"
"5027","ＡｎｙＭｉｎｄ　Ｇｒｏｕｐ","東G","575","+18.0(+3.23%)"
"5028","セカンドサイトアナリティカ","東G","354","+7.0(+2.02%)"
"5029","サークレイス","東G","836","+26.0(+3.21%)"
"5031","モイ","東G","314","-11.0(-3.38%)"
"5032","ＡＮＹＣＯＬＯＲ","東P","2691","+60.0(+2.28%)"
"5033","ヌーラボ","東G","831","+0.0(+0.00%)"
"5034","ｕｎｅｒｒｙ","東G","2432","+147.0(+6.43%)"
"5035","ＨＯＵＳＥＩ","東G","359","+2.0(+0.56%)"
"5036","日本ビジネスシステムズ","東P","1586","+29.0(+1.86%)"
"5038","ｅＷｅＬＬ","東G","2090","+94.0(+4.71%)"
"504A","イノバセル","東G","553","+80.0(+16.91%)"
"505A","ギークリー","東S","1345","+6.0(+0.45%)"
"5071","ヴィス","東S","1415","-6.0(-0.42%)"
"5074","テスＨＬＤＧ","東P","631","-28.0(-4.25%)"
"5076","インフロニア・ＨＬＤＧ","東P","2635.0","-77.5(-2.86%)"
"5078","セレ","東S","4790","-100.0(-2.04%)"
"5079","ノバック","東S","2612","+29.0(+1.12%)"
"5101","横浜ゴム","東P","7648.0","+101.0(+1.34%)"
"5103","昭和ＨＬＤＧ","東S","8","-1.0(-11.11%)"
"5105","ＴＯＹＯ　ＴＩＲＥ","東P","4272.0","+115.0(+2.77%)"
"5108","ブリヂストン","東P","4120.0","+242.0(+6.24%)"
"5110","住友ゴム工業","東P","2322.0","+51.0(+2.25%)"
"5121","藤倉コンポジット","東P","2432","-3.0(-0.12%)"
"5122","オカモト","東P","5800","+60.0(+1.05%)"
"5125","ファインズ","東G","481","-4.0(-0.82%)"
"5126","ポーターズ","東G","1660","+51.0(+3.17%)"
"5129","ＦＩＸＥＲ","東G","233","-3.0(-1.27%)"
"5131","リンカーズ","東G","111","-5.0(-4.31%)"
"5132","ｐｌｕｓｚｅｒｏ","東G","1712","-209.0(-10.88%)"
"5133","テリロジーＨＬＤＧ","東S","300","-1.0(-0.33%)"
"5134","ＰＯＰＥＲ","東G","514","-15.0(-2.84%)"
"5136","ｔｒｉｐｌａ","東G","1742","+14.0(+0.81%)"
"5137","スマートドライブ","東G","218","+7.0(+3.32%)"
"5138","Ｒｅｂａｓｅ","東G","400","-17.0(-4.08%)"
"5139","オープンワーク","東G","908","+16.0(+1.79%)"
"5142","アキレス","東P","1249","+4.0(+0.32%)"
"5161","西川ゴム工業","東S","3220","+15.0(+0.47%)"
"5162","朝日ラバー","東S","795","-5.0(-0.63%)"
"5184","ニチリン","東S","4145","+45.0(+1.10%)"
"5185","フコク","東P","1884","+21.0(+1.13%)"
"5186","ニッタ","東P","6240","-150.0(-2.35%)"
"5187","クリエートメディック","東S","1147","+3.0(+0.26%)"
"5189","櫻護謨","東S","3355","-195.0(-5.49%)"
"5192","三ツ星ベルト","東P","4150","+55.0(+1.34%)"
"5194","相模ゴム工業","東S","645","-9.0(-1.38%)"
"5195","バンドー化学","東P","2392","+32.0(+1.36%)"
"5199","不二ラテックス","東S","2005","+9.0(+0.45%)"
"519A","ベーシック","東G","532","+0.0(+0.00%)"
"5201","ＡＧＣ","東P","6060.0","-108.0(-1.75%)"
"5202","日本板硝子","東P","483","+0.0(+0.00%)"
"5204","石塚硝子","東S","3005","+6.0(+0.20%)"
"5208","有沢製作所","東P","2287","-138.0(-5.69%)"
"520A","ジェイファーマ","東G","269","-8.0(-2.89%)"
"5210","日本山村硝子","東S","2754","-36.0(-1.29%)"
"5214","日本電気硝子","東P","5159.0","-225.0(-4.18%)"
"5216","倉元製作所","東S","161","+4.0(+2.55%)"
"5218","オハラ","東S","1405","-16.0(-1.13%)"
"5232","住友大阪セメント","東P","5435.0","-133.0(-2.39%)"
"5233","太平洋セメント","東P","4224.0","+13.0(+0.31%)"
"5237","ノザワ","東S","1242","-25.0(-1.97%)"
"523A","セイワＨＬＤＧ","東G","1344","-85.0(-5.95%)"
"5240","ｍｏｎｏＡＩ　ｔｅｃｈｎｏｌｏ","東G","228","+18.0(+8.57%)"
"5242","アイズ","東G","2490","+167.0(+7.19%)"
"5243","ｎｏｔｅ","東G","2065","+20.0(+0.98%)"
"5244","ｊｉｇ．ｊｐ","東G","167","-1.0(-0.60%)"
"5246","ＥＬＥＭＥＮＴＳ","東G","739","-27.0(-3.52%)"
"5247","ＢＴＭ","東G","538","-17.0(-3.06%)"
"5248","テクノロジーズ","東G","534","+6.0(+1.14%)"
"5250","ＧＭＯプライム・ストラテジー","東S","1029","+14.0(+1.38%)"
"5252","日本ナレッジ","東G","804","+12.0(+1.52%)"
"5253","カバー","東G","1547","-61.0(-3.79%)"
"5254","Ａｒｅｎｔ","東G","4350","+60.0(+1.40%)"
"5255","モンスターラボ","東G","86","-1.0(-1.15%)"
"5256","Ｆｕｓｉｃ","東G","2259","-92.0(-3.91%)"
"5257","ノバシステム","東S","2530","+16.0(+0.64%)"
"5258","トランザクション・メディア・","東G","419","+16.0(+3.97%)"
"5261","リソルＨＬＤＧ","東P","7980","+40.0(+0.50%)"
"5262","日本ヒューム","東P","1037","-12.0(-1.14%)"
"5268","旭コンクリート工業","東S","807","-11.0(-1.34%)"
"5269","日本コンクリート工業","東P","341","+7.0(+2.10%)"
"5271","トーヨーアサノ","東S","-","- (-%)"
"5273","三谷セキサン","東S","1897","+51.0(+2.76%)"
"5279","日本興業","東S","1199","+35.0(+3.01%)"
"5280","ヨシコン","東S","2320","+0.0(+0.00%)"
"5282","ジオスター","東S","431","+3.0(+0.70%)"
"5283","高見澤","東S","2973","+22.0(+0.75%)"
"5284","ヤマウＨＬＤＧ","東S","2367","+154.0(+6.96%)"
"5285","ヤマックス","東S","1487","+159.0(+11.97%)"
"5287","イトーヨーギョー","東S","859","-15.0(-1.72%)"
"5288","アジアパイルＨＬＤＧ","東P","1488","-22.0(-1.46%)"
"5290","ベルテクスコーポレーション","東S","1312","-5.0(-0.38%)"
"5301","東海カーボン","東P","1546.5","-21.0(-1.34%)"
"5302","日本カーボン","東P","4700","+35.0(+0.75%)"
"5304","ＳＥＣカーボン","東S","2462","-23.0(-0.93%)"
"5310","東洋炭素","東P","6030","-320.0(-5.04%)"
"5331","ノリタケ","東P","3110","-170.0(-5.18%)"
"5332","ＴＯＴＯ","東P","6707.0","-230.0(-3.32%)"
"5333","ＮＧＫ","東P","5180.0","-358.0(-6.46%)"
"5334","日本特殊陶業","東P","9078.0","+137.0(+1.53%)"
"5337","ダントーＨＬＤＧ","東S","790","-11.0(-1.37%)"
"5341","ＡＳＡＨＩ　ＥＩＴＯＨＬＤＧ","東S","141","+0.0(+0.00%)"
"5344","ＭＡＲＵＷＡ","東P","50280.0","-2,620.0(-4.95%)"
"5351","品川リフラ","東P","2083","+16.0(+0.77%)"
"5355","日本坩堝","東S","681","+0.0(+0.00%)"
"5356","美濃窯業","東S","1246","-17.0(-1.35%)"
"5357","ヨータイ","東P","1782","+16.0(+0.91%)"
"5363","東京窯業","東S","700","+4.0(+0.57%)"
"5367","ニッカトー","東S","971","-86.0(-8.14%)"
"5368","日本インシュレーション","東S","993","-9.0(-0.90%)"
"5380","新東","東S","1107","+42.0(+3.94%)"
"5381","マイポックス","東S","696","-45.0(-6.07%)"
"5384","フジミインコーポレーテッド","東P","3555","-125.0(-3.40%)"
"5388","クニミネ工業","東S","1241","-7.0(-0.56%)"
"5391","エーアンドエーマテリアル","東S","1510","-14.0(-0.92%)"
"5393","ニチアス","東P","3197.0","-64.0(-1.96%)"
"5401","日本製鉄","東P","672.8","+18.8(+2.87%)"
"5406","神戸製鋼所","東P","2072.0","+64.0(+3.19%)"
"5408","中山製鋼所","東P","657","+14.0(+2.18%)"
"5410","合同製鐵","東P","2949","+108.0(+3.80%)"
"5411","ＪＦＥＨＬＤＧ","東P","1867.5","+72.5(+4.04%)"
"5423","東京製鐵","東P","1782","-2.0(-0.11%)"
"542A","ビタブリッドジャパン","東G","1054","-6.0(-0.57%)"
"543A","ＡＲＣＨＩＯＮ","東P","280","-10.0(-3.45%)"
"5440","共英製鋼","東P","1992","+57.0(+2.95%)"
"5444","大和工業","東P","13745.0","+360.0(+2.69%)"
"5445","東京鐵鋼","東P","1980","+30.0(+1.54%)"
"5446","北越メタル","東S","1089","+2.0(+0.18%)"
"5449","大阪製鐵","東S","2875","+90.0(+3.23%)"
"544A","ＧＭＳ　グループ","東P","358","-1.0(-0.28%)"
"5451","ヨドコウ","東P","1414","+23.0(+1.65%)"
"5458","高砂鐵工","東S","1250","+5.0(+0.40%)"
"545A","トランヴィア","東P","937","+14.0(+1.52%)"
"5461","中部鋼鈑","東P","2135","+7.0(+0.33%)"
"5463","丸一鋼管","東P","1796.0","-4.0(-0.22%)"
"5464","モリ工業","東S","966","+12.0(+1.26%)"
"546A","ＭＩＲＡＩＮＩ　ＨＬＤＧ","東P","2187","-2.0(-0.09%)"
"5471","大同特殊鋼","東P","2159.0","-157.5(-6.80%)"
"547A","ムニノバＨＬＤＧ","東P","451","+6.0(+1.35%)"
"5480","日本冶金工業","東P","5060","+0.0(+0.00%)"
"5482","愛知製鋼","東P","3165","-10.0(-0.31%)"
"5484","東北特殊鋼","東S","-","- (-%)"
"548A","システムエグゼ","東S","967","-3.0(-0.31%)"
"5491","日本金属","東S","899","-3.0(-0.33%)"
"549A","ヒトトヒトＨＬＤＧ","東S","459","+3.0(+0.66%)"
"550A","ソフトテックス","東S","2245","+8.0(+0.36%)"
"5527","ｐｒｏｐｅｒｔｙ　ｔｅｃｈｎｏ","東G","682","+3.0(+0.44%)"
"5532","リアルゲイト","東G","3230","-345.0(-9.65%)"
"5533","エリッツＨＬＤＧ","東S","2033","+50.0(+2.52%)"
"5535","ミガロＨＬＤＧ","東P","276","-2.0(-0.72%)"
"5537","ＡｌｂａＬｉｎｋ","東G","2677","-127.0(-4.53%)"
"5541","大平洋金属","東P","2361","+0.0(+0.00%)"
"5542","新報国マテリアル","東S","782","-3.0(-0.38%)"
"554A","バトンズ","東G","1384","-57.0(-3.96%)"
"5563","新日本電工","東P","399","-8.0(-1.97%)"
"556A","犬猫生活","東G","1846","-67.0(-3.50%)"
"5570","ジェノバ","東G","613","-3.0(-0.49%)"
"5571","エキサイトＨＬＤＧ","東S","1008","+6.0(+0.60%)"
"5572","Ｒｉｄｇｅ−ｉ","東G","2230","-159.0(-6.66%)"
"5574","ＡＢＥＪＡ","東G","2612","+75.0(+2.96%)"
"5575","Ｇｌｏｂｅｅ","東G","1086","+64.0(+6.26%)"
"5576","オービーシステム","東S","2915","+52.0(+1.82%)"
"5578","ＡＲアドバンストテクノロジ","東G","785","-9.0(-1.13%)"
"5580","プロディライト","東G","1650","+31.0(+1.91%)"
"5582","グリッド","東G","1902","-12.0(-0.63%)"
"5586","Ｌａｂｏｒｏ．ＡＩ","東G","802","-18.0(-2.20%)"
"5587","インバウンドプラットフォーム","東G","950","+10.0(+1.06%)"
"5588","ファーストアカウンティング","東G","789","+22.0(+2.87%)"
"5589","オートサーバー","東S","2700","+13.0(+0.48%)"
"558A","ＳＱＵＥＥＺＥ","東G","4385","-115.0(-2.56%)"
"5590","ネットスターズ","東G","650","-14.0(-2.11%)"
"5591","ＡＶＩＬＥＮ","東G","782","+1.0(+0.13%)"
"5592","くすりの窓口","東G","2413","+6.0(+0.25%)"
"5597","ブルーイノベーション","東G","1134","-52.0(-4.38%)"
"5599","Ｓ＆Ｊ","東G","1062","-30.0(-2.75%)"
"559A","梅乃宿酒造","東S","1116","-12.0(-1.06%)"
"5602","栗本鐵工所","東P","1500","+6.0(+0.40%)"
"5603","虹技","東S","1300","-8.0(-0.61%)"
"5609","日本鋳造","東S","981","+24.0(+2.51%)"
"5612","日本鋳鉄管","東S","1587","+31.0(+1.99%)"
"5616","雨風太陽","東G","619","-3.0(-0.48%)"
"5618","ナイル","東G","302","+2.0(+0.67%)"
"5619","マーソ","東G","888","+11.0(+1.25%)"
"5621","ヒューマンテクノロジーズ","東G","1699","+38.0(+2.29%)"
"5631","日本製鋼所","東P","7223.0","-206.0(-2.77%)"
"5632","三菱製鋼","東P","2119","-5.0(-0.24%)"
"5644","メタルアート","東S","7630","-40.0(-0.52%)"
"5658","日亜鋼業","東S","371","+0.0(+0.00%)"
"5659","日本精線","東P","1320","-22.0(-1.64%)"
"5660","神鋼鋼線工業","東S","1934","+70.0(+3.76%)"
"5695","パウダーテック","東S","3000","+36.0(+1.21%)"
"5697","サンユウ","東S","736","+1.0(+0.14%)"
"5698","エンビプロＨＬＤＧ","東S","743","-20.0(-2.62%)"
"5699","イボキン","東S","1460","-1.0(-0.07%)"
"5702","大紀アルミニウム工業所","東P","1453","-2.0(-0.14%)"
"5703","日本軽金属ＨＬＤＧ","東P","2584","-37.0(-1.41%)"
"5704","ＪＭＣ","東G","380","-2.0(-0.52%)"
"5706","三井金属","東P","25665.0","-2,345.0(-8.37%)"
"5707","東邦亜鉛","東P","805","-27.0(-3.25%)"
"5711","三菱マテリアル","東P","3944.0","-90.0(-2.23%)"
"5713","住友金属鉱山","東P","7315.0","-49.0(-0.67%)"
"5714","ＤＯＷＡ　ＨＬＤＧ","東P","7907.0","-182.0(-2.25%)"
"5715","古河機械金属","東P","3335","-180.0(-5.12%)"
"5721","エスクリプトエナジー","東S","55","+0.0(+0.00%)"
"5724","アサカ理研","東S","2187","-91.0(-3.99%)"
"5726","大阪チタニウムテクノロジーズ","東P","2506","-145.0(-5.47%)"
"5729","日本精鉱","東S","1488","-46.0(-3.00%)"
"5741","ＵＡＣＪ","東P","2176","-100.0(-4.39%)"
"5742","エヌアイシ・オートテック","東S","722","+2.0(+0.28%)"
"5753","日本伸銅","東S","2351","-49.0(-2.04%)"
"5757","ＣＫサンエツ","東P","5090","+40.0(+0.79%)"
"575A","前澤ＨＬＤＧ","東P","1818","-2.0(-0.11%)"
"5801","古河電気工業","東P","2772.5","-235.5(-7.83%)"
"5802","住友電気工業","東P","2072.0","-115.5(-5.28%)"
"5803","フジクラ","東P","3760.0","-313.0(-7.68%)"
"5805","ＳＷＣＣ","東P","10470","-310.0(-2.88%)"
"5816","オーナンバ","東S","1514","-21.0(-1.37%)"
"5817","ＪＭＡＣＳ","東S","895","+9.0(+1.02%)"
"5819","カナレ電気","東S","1747","+0.0(+0.00%)"
"581A","ＧＯ","東G","3065","+20.0(+0.66%)"
"5820","三ッ星","東S","679","-4.0(-0.59%)"
"5821","平河ヒューテック","東P","2988","-3.0(-0.10%)"
"5830","いよぎんＨＬＤＧ","東P","3599.0","-68.0(-1.85%)"
"5831","しずおかＦＧ","東P","3257.0","-33.0(-1.00%)"
"5832","ちゅうぎんＦＧ","東P","3301.0","-67.0(-1.99%)"
"5834","ＳＢＩリーシングサービス","東G","2915","+172.0(+6.27%)"
"5838","楽天銀行","東P","5447.0","-112.0(-2.01%)"
"5842","インテグラル","東G","2890","+60.0(+2.12%)"
"5843","ニッポンインシュア","東S","2331","-36.0(-1.52%)"
"5844","京都ＦＧ","東P","4533.0","-70.0(-1.52%)"
"5845","全保連","東S","1140","+120.0(+11.76%)"
"584A","ＬｉＮＫＸ","東G","2128","-112.0(-5.00%)"
"5851","リョービ","東P","2520","+22.0(+0.88%)"
"5852","アーレスティ","東P","703","+3.0(+0.43%)"
"5857","ＡＲＥＨＬＤＧ","東P","2993","-62.0(-2.03%)"
"5858","ＳＴＧ","東G","1350","-40.0(-2.88%)"
"5867","エスネットワークス","東G","1158","-68.0(-5.55%)"
"5868","ロココ","東S","954","+1.0(+0.10%)"
"5869","早稲田学習研究会","東S","1229","-1.0(-0.08%)"
"5870","ナルネットコミュニケーションズ","東G","778","-3.0(-0.38%)"
"5871","ＳＯＬＩＺＥ　ＨＬＤＧ","東S","1324","+0.0(+0.00%)"
"5884","クラダシ","東G","549","+5.0(+0.92%)"
"5885","ジーデップ・アドバンス","東S","2517","-34.0(-1.33%)"
"5888","ＤＡＩＷＡ　ＣＹＣＬＥ","東G","2696","-9.0(-0.33%)"
"5889","Ｊａｐａｎ　Ｅｙｅｗｅａｒ　Ｈ","東P","2538","+33.0(+1.32%)"
"5891","ＳＡＫＩＧＡＫＥＨＬＤＧ","東S","1668","+3.0(+0.18%)"
"5892","ｙｕｔｏｒｉ","東G","2041","+29.0(+1.44%)"
"589A","ネイス","東G","1138","-55.0(-4.61%)"
"5900","ダイケン","東S","859","+0.0(+0.00%)"
"5901","東洋製罐グループＨＬＤＧ","東P","4186.0","+36.0(+0.87%)"
"5902","ホッカンＨＬＤＧ","東P","2413","+30.0(+1.26%)"
"5905","日本製罐","東S","-","- (-%)"
"5906","エムケー精工","東S","801","-30.0(-3.61%)"
"5909","コロナ","東S","1050","+20.0(+1.94%)"
"590A","ギフティグループ","東P","1044","+1.0(+0.10%)"
"5911","横河ブリッジＨＬＤＧ","東P","2993","+50.0(+1.70%)"
"5915","駒井ハルテック","東S","2222","+3.0(+0.14%)"
"5918","瀧上工業","東S","7120","+0.0(+0.00%)"
"5921","川岸工業","東S","4080","+25.0(+0.62%)"
"5922","那須電機鉄工","東S","19950","+560.0(+2.89%)"
"5923","高田機工","東S","1163","-6.0(-0.51%)"
"5928","アルメタックス","東S","286","+3.0(+1.06%)"
"5929","三和ＨＬＤＧ","東P","3953.0","+0.0(+0.00%)"
"5930","文化シヤッター","東P","1972","+13.0(+0.66%)"
"5932","三協立山","東P","650","+4.0(+0.62%)"
"5933","アルインコ","東P","1111","+12.0(+1.09%)"
"5936","東洋シヤッター","東S","912","+0.0(+0.00%)"
"5938","ＬＩＸＩＬ","東P","1931.0","+34.5(+1.82%)"
"5939","大谷工業","東S","4835","-5.0(-0.10%)"
"593A","ティアフォー","東G","1055","+46.0(+4.56%)"
"5940","不二サッシ","東S","738","+7.0(+0.96%)"
"5941","中西製作所","東S","2692","+28.0(+1.05%)"
"5942","日本フイルコン","東S","628","+3.0(+0.48%)"
"5943","ノーリツ","東P","2439","+52.0(+2.18%)"
"5945","天龍製鋸","東S","2475","-16.0(-0.64%)"
"5946","長府製作所","東P","2124","+17.0(+0.81%)"
"5947","リンナイ","東P","3781.0","+96.0(+2.61%)"
"5949","ユニプレス","東P","1339","+34.0(+2.61%)"
"5950","日本パワーファスニング","東S","146","+0.0(+0.00%)"
"5951","ダイニチ工業","東S","1042","+6.0(+0.58%)"
"5952","アマテイ","東S","189","+1.0(+0.53%)"
"5955","ワイズＨＬＤＧ","東S","80","-1.0(-1.23%)"
"5956","トーソー","東S","606","+4.0(+0.66%)"
"5957","日東精工","東P","772","-2.0(-0.26%)"
"5958","三洋工業","東S","4745","-40.0(-0.84%)"
"5959","岡部","東P","934","+10.0(+1.08%)"
"5962","浅香工業","東S","-","- (-%)"
"5965","フジマック","東S","1178","+7.0(+0.60%)"
"5966","京都機械工具","東S","2578","+0.0(+0.00%)"
"5967","ＴＯＮＥ","東S","476","-1.0(-0.21%)"
"5969","ロブテックス","東S","1190","-3.0(-0.25%)"
"5970","ジーテクト","東P","2170","+28.0(+1.31%)"
"5971","共和工業所","東S","8180","+30.0(+0.37%)"
"5973","トーアミ","東S","600","-3.0(-0.50%)"
"5974","中国工業","東S","-","- (-%)"
"5975","東プレ","東P","2765","+33.0(+1.21%)"
"5976","高周波熱錬","東P","1393","+7.0(+0.51%)"
"5981","東京製綱","東P","1907","-5.0(-0.26%)"
"5982","マルゼン","東S","4015","+15.0(+0.38%)"
"5983","イワブチ","東S","14900","-490.0(-3.18%)"
"5984","兼房","東S","734","-2.0(-0.27%)"
"5985","サンコール","東S","1092","-69.0(-5.94%)"
"5986","モリテック　スチール","東S","247","+1.0(+0.41%)"
"5987","オーネックス","東S","1536","-145.0(-8.63%)"
"5988","パイオラックス","東P","1757","+42.0(+2.45%)"
"5989","エイチワン","東P","1553","+27.0(+1.77%)"
"598A","チャットプラス","東G","1483","-106.0(-6.67%)"
"5990","スーパーツール","東S","1987","+0.0(+0.00%)"
"5991","ニッパツ","東P","3328.0","-157.0(-4.51%)"
"5992","中央発條","東S","3695","-15.0(-0.40%)"
"5994","ファインシンター","東S","988","-9.0(-0.90%)"
"5997","協立エアテック","東S","915","-1.0(-0.11%)"
"5998","アドバネクス","東S","2566","-51.0(-1.95%)"
"6005","三浦工業","東P","3162.0","-6.0(-0.19%)"
"6013","タクマ","東P","3365","-45.0(-1.32%)"
"6016","ジャパンエンジン","東S","8630","-760.0(-8.09%)"
"6018","阪神内燃機工業","東S","6250","+130.0(+2.12%)"
"6022","赤阪鐵工所","東S","2516","-24.0(-0.94%)"
"6023","ダイハツインフィニアース","東S","2548","-186.0(-6.80%)"
"6027","弁護士ドットコム","東P","2267","-14.0(-0.61%)"
"6029","アトラグループ","東S","197","-1.0(-0.51%)"
"6030","アドベンチャー","東G","1516","+46.0(+3.13%)"
"6031","ＺＥＴＡ","東G","236","-3.0(-1.26%)"
"6033","エクストリーム","東G","1661","-11.0(-0.66%)"
"6034","ＭＲＴ","東G","630","+2.0(+0.32%)"
"6035","アイ・アールジャパンＨＬＤＧ","東S","719","+15.0(+2.13%)"
"6036","ＫｅｅＰｅｒ技研","東P","2799","+45.0(+1.63%)"
"6037","楽待","東S","1028","+26.0(+2.59%)"
"6038","イード","東G","818","-9.0(-1.09%)"
"6039","日本動物高度医療センター","東G","985","+9.0(+0.92%)"
"603A","アイ・グリッド・ソリューション","東G","830","+0.0(+0.00%)"
"6040","日本スキー場開発","東G","526","+3.0(+0.57%)"
"6042","ニッキ","東S","3940","+20.0(+0.51%)"
"6044","三機サービス","東S","1935","+36.0(+1.90%)"
"6045","レントラックス","東G","1627","+9.0(+0.56%)"
"6046","リンクバル","東S","128","+4.0(+3.23%)"
"6047","Ｇｕｎｏｓｙ","東S","359","-1.0(-0.28%)"
"6049","イトクロ","東G","243","+2.0(+0.83%)"
"604A","ビーエイブル","東S","1316","+0.0(+0.00%)"
"6050","イー・ガーディアン","東P","1774","+18.0(+1.03%)"
"6054","リブセンス","東S","111","-2.0(-1.77%)"
"6055","ジャパンマテリアル","東P","1983","-120.0(-5.71%)"
"6058","ベクトル","東P","1765","-15.0(-0.84%)"
"6059","ウチヤマＨＬＤＧ","東S","348","+3.0(+0.87%)"
"6061","ユニバーサル園芸社","東S","2819","+74.0(+2.70%)"
"6062","チャーム・ケア","東P","1390","+14.0(+1.02%)"
"6063","日本エマージェンシーアシスタン","東S","1007","+7.0(+0.70%)"
"6069","トレンダーズ","東G","673","+21.0(+3.22%)"
"6070","キャリアリンク","東P","2435","+48.0(+2.01%)"
"6071","ＩＢＪ","東P","826","+9.0(+1.10%)"
"6072","地盤ネットＨＬＤＧ","東S","850","-22.0(-2.52%)"
"6073","アサンテ","東P","1531","+20.0(+1.32%)"
"6074","ジェイエスエス","東S","520","+0.0(+0.00%)"
"6078","バリューＨＲ","東P","1561","+27.0(+1.76%)"
"6080","Ｍ＆Ａキャピタルパートナーズ","東P","3775","+35.0(+0.94%)"
"6081","アライドアーキテクツ","東G","154","-3.0(-1.91%)"
"6082","ライドオンエクスプレスＨＬＤＧ","東S","999","+2.0(+0.20%)"
"6083","ＥＲＩ　ＨＬＤＧ","東S","1583","+14.0(+0.89%)"
"6085","アーキテクツ・スタジオ・ジャパ","東G","85","-13.0(-13.27%)"
"6086","シンメンテＨＬＤＧ","東G","1063","+5.0(+0.47%)"
"6087","アビスト","東S","3450","-10.0(-0.29%)"
"6088","シグマクシス・ＨＬＤＧ","東P","624","+32.0(+5.41%)"
"6089","ウィルグループ","東P","1115","+25.0(+2.29%)"
"6090","ヒューマン・メタボローム・テク","東S","596","+2.0(+0.34%)"
"6091","ウエスコＨＬＤＧ","東S","898","-10.0(-1.10%)"
"6092","エンバイオＨＬＤＧ","東S","710","+3.0(+0.42%)"
"6093","ミトラグループ","東S","160","+1.0(+0.63%)"
"6094","フリークアウトＨＬＤＧ","東G","530","+2.0(+0.38%)"
"6096","レアジョブ","東S","-","- (-%)"
"6098","リクルートＨＬＤＧ","東P","13100.0","+505.0(+4.01%)"
"6099","エラン","東P","804","+12.0(+1.52%)"
"6101","ツガミ","東P","5890","-400.0(-6.36%)"
"6103","オークマ","東P","4765","-55.0(-1.14%)"
"6104","芝浦機械","東P","4535","-25.0(-0.55%)"
"6113","アマダ","東P","2628.0","-80.5(-2.97%)"
"6118","アイダエンジニアリング","東P","1186","-3.0(-0.25%)"
"6125","岡本工作機械製作所","東S","4495","-325.0(-6.74%)"
"6134","ＦＵＪＩ","東P","6537.0","-269.0(-3.95%)"
"6135","牧野フライス製作所","東P","13930","-340.0(-2.38%)"
"6136","オーエスジー","東P","3622.0","-95.0(-2.56%)"
"6137","小池酸素工業","東S","1520","-20.0(-1.30%)"
"6138","ダイジェット工業","東S","1114","-19.0(-1.68%)"
"6140","旭ダイヤモンド工業","東P","1048","-25.0(-2.33%)"
"6141","ＤＭＧ森精機","東P","3506.0","-85.0(-2.37%)"
"6143","ソディック","東P","1500","-93.0(-5.84%)"
"6144","西部電機","東S","2748","-7.0(-0.25%)"
"6145","ＮＩＴＴＯＫＵ","東S","2447","-83.0(-3.28%)"
"6146","ディスコ","東P","51320.0","-3,580.0(-6.52%)"
"6147","ヤマザキ","東S","182","+1.0(+0.55%)"
"6149","小田原エンジニアリング","東S","2130","-35.0(-1.62%)"
"6150","タケダ機械","東S","2794","+13.0(+0.47%)"
"6151","日東工器","東P","1716","+23.0(+1.36%)"
"6155","高松機械工業","東S","513","+0.0(+0.00%)"
"6156","エーワン精密","東S","1778","+1.0(+0.06%)"
"6157","日進工具","東S","898","-18.0(-1.97%)"
"6158","和井田製作所","東S","968","-10.0(-1.02%)"
"6159","ミクロン精密","東S","1818","+19.0(+1.06%)"
"6161","エスティック","東S","1087","+58.0(+5.64%)"
"6165","パンチ工業","東S","494","+3.0(+0.61%)"
"6166","中村超硬","東G","586","-20.0(-3.30%)"
"6167","冨士ダイス","東P","933","+9.0(+0.97%)"
"6171","土木管理総合試験所","東S","378","+0.0(+0.00%)"
"6176","ブランジスタ","東S","921","+12.0(+1.32%)"
"6177","ＡｐｐＢａｎｋ","東G","78","-1.0(-1.27%)"
"6178","日本郵政","東P","2482.0","+18.0(+0.73%)"
"6180","ＧＭＯメディア","東G","3780","+0.0(+0.00%)"
"6181","タメニー","東G","76","-2.0(-2.56%)"
"6182","メタリアル","東G","420","-9.0(-2.10%)"
"6183","ベルシステム２４ＨＬＤＧ","東P","1394","+22.0(+1.60%)"
"6184","鎌倉新書","東P","539","+13.0(+2.47%)"
"6185","ＳＭＮ","東S","391","-4.0(-1.01%)"
"6186","一蔵","東S","388","+0.0(+0.00%)"
"6189","グローバルキッズＣＯＭＰＡＮＹ","東S","1002","-3.0(-0.30%)"
"6190","フェニックスバイオ","東G","349","+3.0(+0.87%)"
"6191","エアトリ","東P","908","+48.0(+5.58%)"
"6193","バーチャレクスＨＬＤＧ","東G","1027","-11.0(-1.06%)"
"6194","アトラエ","東P","860","+28.0(+3.37%)"
"6195","ホープ","東G","210","+1.0(+0.48%)"
"6196","ストライクグループ","東P","1359","+18.0(+1.34%)"
"6197","ソラスト","東P","1111","+0.0(+0.00%)"
"6198","キャリア","東G","213","-3.0(-1.39%)"
"6199","セラク","東S","1364","+54.0(+4.12%)"
"6200","インソース","東P","774","+14.0(+1.84%)"
"6203","豊和工業","東S","1324","-49.0(-3.57%)"
"6208","石川製作所","東S","1547","-43.0(-2.70%)"
"6209","リケンＮＰＲ","東P","4010","+10.0(+0.25%)"
"6217","津田駒工業","東S","635","-55.0(-7.97%)"
"6218","エンシュウ","東S","624","-2.0(-0.32%)"
"6222","島精機製作所","東P","893","+16.0(+1.82%)"
"6223","西部技研","東S","1899","-81.0(-4.09%)"
"6224","ＪＲＣ","東G","1114","+1.0(+0.09%)"
"6226","守谷輸送機工業","東S","2297","-203.0(-8.12%)"
"6227","ＡＩメカテック","東S","5450","-520.0(-8.71%)"
"6228","ジェイ・イー・ティ","東S","483","-15.0(-3.01%)"
"6229","オーケーエム","東S","1503","-50.0(-3.22%)"
"6230","ＳＡＮＥＩ","東S","2114","-17.0(-0.80%)"
"6231","木村工機","東S","11760","-360.0(-2.97%)"
"6232","ＡＣＳＬ","東G","1500","-44.0(-2.85%)"
"6233","ＫＬＡＳＳ","東S","387","+0.0(+0.00%)"
"6235","オプトラン","東P","2787","-142.0(-4.85%)"
"6237","イワキポンプ","東P","4585","-270.0(-5.56%)"
"6238","フリュー","東P","1407","+15.0(+1.08%)"
"6239","ナガオカ","東S","1304","+5.0(+0.38%)"
"6240","ヤマシンフィルタ","東P","534","-1.0(-0.19%)"
"6245","ヒラノテクシード","東S","1565","-12.0(-0.76%)"
"6246","テクノスマート","東S","1855","-9.0(-0.48%)"
"6247","日阪製作所","東P","1594","-41.0(-2.51%)"
"6248","横田製作所","東S","1825","-14.0(-0.76%)"
"6249","ゲームカードＨＬＤＧ","東S","2649","+50.0(+1.92%)"
"6250","やまびこ","東P","3800","-30.0(-0.78%)"
"6254","野村マイクロ・サイエンス","東P","3440","-240.0(-6.52%)"
"6255","エヌ・ピー・シー","東G","573","-23.0(-3.86%)"
"6257","藤商事","東S","1050","+23.0(+2.24%)"
"6258","平田機工","東P","2640","-91.0(-3.33%)"
"6262","ＰＥＧＡＳＵＳ","東S","556","+8.0(+1.46%)"
"6264","マルマエ","東P","1730","-100.0(-5.46%)"
"6265","コンバム","東S","3115","-90.0(-2.81%)"
"6266","タツモ","東P","3615","-405.0(-10.07%)"
"6267","ゼネラルパッカー","東S","4080","-10.0(-0.24%)"
"6268","ナブテスコ","東P","4248.0","-181.0(-4.09%)"
"6269","三井海洋開発","東P","9930.0","-395.0(-3.83%)"
"6272","レオン自動機","東P","1533","+13.0(+0.86%)"
"6273","ＳＭＣ","東P","64930.0","-260.0(-0.40%)"
"6276","シリウスビジョン","東S","297","-6.0(-1.98%)"
"6277","ホソカワミクロン","東P","4935","+0.0(+0.00%)"
"6278","ユニオンツール","東P","13610","-1,680.0(-10.99%)"
"6279","瑞光","東P","929","+21.0(+2.31%)"
"6282","オイレス工業","東P","2810","+4.0(+0.14%)"
"6284","日精エー・エス・ビー機械","東P","8760","-60.0(-0.68%)"
"6286","靜甲","東S","1369","-3.0(-0.22%)"
"6287","サトー","東P","2494","+21.0(+0.85%)"
"6289","技研製作所","東P","1896","-4.0(-0.21%)"
"6291","日本エアーテック","東S","1327","+12.0(+0.91%)"
"6292","カワタ","東S","817","-5.0(-0.61%)"
"6294","オカダアイヨン","東P","2014","+11.0(+0.55%)"
"6298","ワイエイシイＨＬＤＧ","東P","1092","-23.0(-2.06%)"
"6301","小松製作所","東P","7265.0","+515.0(+7.63%)"
"6302","住友重機械工業","東P","5138.0","-114.0(-2.17%)"
"6305","日立建機","東P","5613.0","+175.0(+3.22%)"
"6306","日工","東P","1001","+23.0(+2.35%)"
"6307","サンセイ","東S","474","+4.0(+0.85%)"
"6309","巴工業","東P","1908","+10.0(+0.53%)"
"6310","井関農機","東P","1818","-29.0(-1.57%)"
"6315","ＴＯＷＡ","東P","2307","-231.0(-9.10%)"
"6316","丸山製作所","東S","2716","-90.0(-3.21%)"
"6317","北川鉄工所","東S","1639","-1.0(-0.06%)"
"6322","タクミナ","東S","1602","-5.0(-0.31%)"
"6323","ローツェ","東P","3450.0","-378.0(-9.87%)"
"6324","ハーモニック・ドライブ・システ","東P","5440","-340.0(-5.88%)"
"6325","タカキタ","東S","405","+1.0(+0.25%)"
"6326","クボタ","東P","2817.5","+71.0(+2.59%)"
"6327","北川精機","東S","2679","-262.0(-8.91%)"
"6328","荏原実業","東P","2329","-22.0(-0.94%)"
"6330","東洋エンジニアリング","東P","1891","-110.0(-5.50%)"
"6331","三菱化工機","東P","3070","-165.0(-5.10%)"
"6332","月島ＨＬＤＧ","東P","2655","-31.0(-1.15%)"
"6333","ＴＥＩＫＯＫＵ","東P","3235","+35.0(+1.09%)"
"6334","明治機械","東S","481","+9.0(+1.91%)"
"6335","東京機械製作所","東S","655","-32.0(-4.66%)"
"6336","石井表記","東S","1452","-30.0(-2.02%)"
"6337","テセック","東S","2496","+316.0(+14.50%)"
"6338","タカトリ","東S","1416","-51.0(-3.48%)"
"6339","新東工業","東P","1141","+11.0(+0.97%)"
"6340","澁谷工業","東P","4260","+20.0(+0.47%)"
"6342","太平製作所","東S","2856","-20.0(-0.70%)"
"6343","フリージア・マクロス","東S","143","+1.0(+0.70%)"
"6345","アイチ","東P","1435","+15.0(+1.06%)"
"6346","キクカワエンタープライズ","東S","5800","+0.0(+0.00%)"
"6347","プラコー","東S","251","-7.0(-2.71%)"
"6349","小森コーポレーション","東P","1673","+8.0(+0.48%)"
"6351","鶴見製作所","東P","2207","+50.0(+2.32%)"
"6356","日本ギア工業","東S","1250","-46.0(-3.55%)"
"6357","三精テクノロジーズ","東S","2320","+15.0(+0.65%)"
"6358","酒井重工業","東P","2200","+35.0(+1.62%)"
"6360","東京自働機械製作所","東S","4505","+30.0(+0.67%)"
"6361","荏原製作所","東P","4871.0","-280.0(-5.44%)"
"6363","酉島製作所","東P","2630","-95.0(-3.49%)"
"6364","ＡＩＲＭＡＮ","東P","1973","+30.0(+1.54%)"
"6365","電業社機械製作所","東S","5300","-70.0(-1.30%)"
"6366","千代田化工建設","東S","630","-73.0(-10.38%)"
"6367","ダイキン工業","東P","23850.0","+105.0(+0.44%)"
"6368","オルガノ","東P","12420.0","-1,115.0(-8.24%)"
"6369","トーヨーカネツ","東P","2403","-12.0(-0.50%)"
"6370","栗田工業","東P","8178.0","-123.0(-1.48%)"
"6371","椿本チエイン","東P","2664","+22.0(+0.83%)"
"6376","日機装","東P","3565","-165.0(-4.42%)"
"6378","木村化工機","東S","1192","-7.0(-0.58%)"
"6379","レイズネクスト","東P","2659","+44.0(+1.68%)"
"6380","オリエンタルチエン工業","東S","3985","+65.0(+1.66%)"
"6381","アネスト岩田","東P","1789","+5.0(+0.28%)"
"6382","トリニティ工業","東S","1208","-17.0(-1.39%)"
"6383","ダイフク","東P","5753.0","-108.0(-1.84%)"
"6384","昭和真空","東S","1590","-10.0(-0.63%)"
"6387","サムコ","東P","7610","-760.0(-9.08%)"
"6390","加藤製作所","東P","1330","+5.0(+0.38%)"
"6391","加地テック","東S","4305","-225.0(-4.97%)"
"6392","ヤマダコーポレーション","東S","7520","+50.0(+0.67%)"
"6393","油研工業","東S","3060","+35.0(+1.16%)"
"6395","タダノ","東P","1338","+0.0(+0.00%)"
"6396","宇野澤組鐵工所","東S","-","- (-%)"
"6400","不二精機","東S","263","+2.0(+0.77%)"
"6402","兼松エンジニアリング","東S","1579","+34.0(+2.20%)"
"6405","鈴茂器工","東S","1023","-9.0(-0.87%)"
"6407","ＣＫＤ","東P","5130","-430.0(-7.73%)"
"6408","小倉クラッチ","東S","-","- (-%)"
"6412","平和","東P","2175","+67.0(+3.18%)"
"6413","理想科学工業","東P","1071","+24.0(+2.29%)"
"6417","ＳＡＮＫＹＯ","東P","1923.0","+77.5(+4.20%)"
"6418","日本金銭機械","東P","1107","+22.0(+2.03%)"
"6419","マースグループＨＬＤＧ","東P","3230","+80.0(+2.54%)"
"6420","ガリレイＨＬＤＧ","東P","3380","+30.0(+0.90%)"
"6424","高見沢サイバネティックス","東S","896","-1.0(-0.11%)"
"6425","ユニバーサルエンターテインメン","東S","657","+4.0(+0.61%)"
"6428","オーイズミ","東S","313","-2.0(-0.63%)"
"6430","ダイコク電機","東P","2485","+65.0(+2.69%)"
"6432","竹内製作所","東P","7490","+60.0(+0.81%)"
"6433","ヒーハイスト","東S","828","-16.0(-1.90%)"
"6436","アマノ","東P","3895.0","+129.0(+3.43%)"
"6440","ＪＵＫＩ","東P","496","-13.0(-2.55%)"
"6444","サンデン","東S","158","+1.0(+0.64%)"
"6445","ジャノメ","東P","1321","+14.0(+1.07%)"
"6448","ブラザー工業","東P","4029.0","+22.0(+0.55%)"
"6454","マックス","東P","1746","+16.0(+0.92%)"
"6455","モリタＨＬＤＧ","東P","2556","+56.0(+2.24%)"
"6457","グローリー","東P","4607.0","+121.0(+2.70%)"
"6458","新晃工業","東P","1239","+5.0(+0.41%)"
"6459","だいわ","東P","1714","+25.0(+1.48%)"
"6460","セガサミーＨＬＤＧ","東P","2921.5","+171.5(+6.24%)"
"6463","ＴＰＲ","東P","1471","+29.0(+2.01%)"
"6464","ツバキ・ナカシマ","東P","343","-9.0(-2.56%)"
"6465","ホシザキ","東P","5844.0","+141.0(+2.47%)"
"6466","ＴＶＥ","東S","3810","-120.0(-3.05%)"
"6467","ニチダイ","東S","329","-1.0(-0.30%)"
"6469","放電精密加工研究所","東S","2470","-19.0(-0.76%)"
"6470","大豊工業","東S","1089","+1.0(+0.09%)"
"6471","日本精工","東P","1102.0","+7.0(+0.64%)"
"6472","ＮＴＮ","東P","364.3","-3.0(-0.82%)"
"6473","ジェイテクト","東P","2083.0","+21.0(+1.02%)"
"6474","不二越","東P","5060","-270.0(-5.07%)"
"6479","ミネベアミツミ","東P","3545.0","-123.0(-3.35%)"
"6480","日本トムソン","東P","1543","-70.0(-4.34%)"
"6481","ＴＨＫ","東P","6131.0","-27.0(-0.44%)"
"6482","ＹＵＳＨＩＮ","東S","666","-3.0(-0.45%)"
"6484","ＫＶＫ","東S","2314","-3.0(-0.13%)"
"6485","前澤給装工業","東S","1595","+28.0(+1.79%)"
"6486","イーグル工業","東P","2990","+32.0(+1.08%)"
"6488","ヨシタケ","東S","986","+6.0(+0.61%)"
"6490","ＰＩＬＬＡＲ","東P","8540","-490.0(-5.43%)"
"6492","岡野バルブ製造","東S","12030","-960.0(-7.39%)"
"6493","ＮＩＴＴＡＮ","東S","462","-1.0(-0.22%)"
"6494","ＮＦＫ　ＨＬＤＧ","東S","95","-1.0(-1.04%)"
"6495","宮入バルブ製作所","東S","120","+0.0(+0.00%)"
"6496","中北製作所","東S","4925","-175.0(-3.43%)"
"6497","ハマイ","東S","1355","-5.0(-0.37%)"
"6498","キッツ","東P","2031","-82.0(-3.88%)"
"6501","日立製作所","東P","4957.0","+67.0(+1.37%)"
"6503","三菱電機","東P","5172.0","-147.0(-2.76%)"
"6504","富士電機","東P","12045.0","-375.0(-3.02%)"
"6505","東洋電機製造","東S","2328","-27.0(-1.15%)"
"6506","安川電機","東P","4629.0","-127.0(-2.67%)"
"6507","シンフォニア　テクノロジー","東P","11930","-600.0(-4.79%)"
"6508","明電舎","東P","7990","-380.0(-4.54%)"
"6513","オリジン","東S","1052","+7.0(+0.67%)"
"6516","山洋電気","東P","5140","-270.0(-4.99%)"
"6517","デンヨー","東P","3600","+5.0(+0.14%)"
"6518","三相電機","東S","1779","-40.0(-2.20%)"
"6521","オキサイド","東G","2783","-142.0(-4.85%)"
"6522","アスタリスク","東G","1632","+173.0(+11.86%)"
"6523","ＰＨＣＨＬＤＧ","東P","1117","+15.0(+1.36%)"
"6524","湖北工業","東S","3845","-285.0(-6.90%)"
"6525","ＫＯＫＵＳＡＩ　ＥＬＥＣＴＲＩ","東P","6049.0","-1,299.0(-17.68%)"
"6526","ソシオネクスト","東P","2023.0","-126.0(-5.86%)"
"6532","ベイカレント","東P","7406.0","+220.0(+3.06%)"
"6533","Ｏｒｃｈｅｓｔｒａ　ＨＬＤＧ","東P","1198","+11.0(+0.93%)"
"6535","アイモバイル","東P","544","+6.0(+1.12%)"
"6537","ＷＡＳＨハウス","東G","302","-3.0(-0.98%)"
"6538","ディスラプターズ","東S","239","+0.0(+0.00%)"
"6539","ＭＳ―Ｊａｐａｎ","東P","1010","+14.0(+1.41%)"
"6540","船場","東S","1481","-4.0(-0.27%)"
"6543","日宣","東S","1190","+11.0(+0.93%)"
"6544","ジャパンエレベーターサービスＨ","東P","1714.0","+21.5(+1.27%)"
"6545","インターネットインフィニティー","東G","821","-16.0(-1.91%)"
"6546","フルテック","東S","1124","-1.0(-0.09%)"
"6547","グリーンズ","東S","2230","+77.0(+3.58%)"
"6548","旅工房","東G","106","-12.0(-10.17%)"
"6549","ディーエムソリューションズ","東S","1120","-43.0(-3.70%)"
"6551","ツナググループＨＬＤＧ","東S","595","+5.0(+0.85%)"
"6552","ＧａｍｅＷｉｔｈ","東S","170","+3.0(+1.80%)"
"6554","エスユーエス","東G","1034","+6.0(+0.58%)"
"6555","ＭＳ＆Ｃｏｎｓｕｌｔｉｎｇ","東S","419","+3.0(+0.72%)"
"6557","ＡＩＡＩグループ","東G","694","+2.0(+0.29%)"
"6558","クックビズ","東G","695","-2.0(-0.29%)"
"6560","エル・ティー・エス","東P","1748","+47.0(+2.76%)"
"6561","ＨＡＮＡＴＯＵＲ　ＪＡＰＡＮ","東G","819","+3.0(+0.37%)"
"6562","ジーニー","東G","975","+13.0(+1.35%)"
"6563","みらいワークス","東G","503","+0.0(+0.00%)"
"6564","ミダックＨＬＤＧ","東P","2297","+82.0(+3.70%)"
"6566","要興業","東S","1290","-6.0(-0.46%)"
"6568","神戸天然物化学","東G","1238","-22.0(-1.75%)"
"6570","共和コーポレーション","東S","2131","+14.0(+0.66%)"
"6571","キュービーネットＨＬＤＧ","東P","1327","+18.0(+1.38%)"
"6572","オープングループ","東P","244","+2.0(+0.83%)"
"6573","ＣＲＡＶＩＡ","東G","27","-1.0(-3.57%)"
"6574","コンヴァノ","東G","84","-2.0(-2.33%)"
"6577","ベストワンドットコム","東G","2389","+37.0(+1.57%)"
"6578","コレックＨＬＤＧ","東S","497","-1.0(-0.20%)"
"6579","ログリー","東G","352","+6.0(+1.73%)"
"6580","ライトアップ","東G","790","-17.0(-2.11%)"
"6584","三櫻工業","東P","779","+5.0(+0.65%)"
"6586","マキタ","東P","5895.0","+223.0(+3.93%)"
"6588","東芝テック","東P","3100","+5.0(+0.16%)"
"6590","芝浦メカトロニクス","東P","4105","-515.0(-11.15%)"
"6592","マブチモーター","東P","1684.0","+36.0(+2.18%)"
"6594","ニデック","東P","2567","+3.0(+0.12%)"
"6597","ＨＰＣシステムズ","東G","3050","-225.0(-6.87%)"
"6599","エブレン","東S","2887","-17.0(-0.59%)"
"6612","バルミューダ","東G","608","-30.0(-4.70%)"
"6613","ＱＤレーザ","東G","1243","-148.0(-10.64%)"
"6614","シキノハイテック","東S","817","-28.0(-3.31%)"
"6615","ユー・エム・シー・エレクトロニ","東P","230","+3.0(+1.32%)"
"6616","トレックス・セミコンダクター","東P","1650","-45.0(-2.65%)"
"6617","東光高岳","東P","6650","-530.0(-7.38%)"
"6619","ダブル・スコープ","東P","141","-7.0(-4.73%)"
"6620","宮越ＨＬＤＧ","東P","636","-15.0(-2.30%)"
"6622","ダイヘン","東P","11900","-1,210.0(-9.23%)"
"6625","ＪＡＬＣＯ　ＨＬＤＧ","東S","336","-6.0(-1.75%)"
"6626","ＳＥＭＩＴＥＣ","東S","1954","-31.0(-1.56%)"
"6627","テラプローブ","東S","8750","-960.0(-9.89%)"
"6629","テクノホライゾン","東S","892","-56.0(-5.91%)"
"6630","ヤーマン","東P","769","+19.0(+2.53%)"
"6632","ＪＶＣケンウッド","東P","1139.0","+6.5(+0.57%)"
"6633","ＣＧＳ　ＨＬＤＧ","東S","328","-1.0(-0.30%)"
"6634","ＪＮグループ","東S","69","-1.0(-1.43%)"
"6635","大日光・エンジニアリング","東S","613","-18.0(-2.85%)"
"6637","寺崎電気産業","東S","3710","-300.0(-7.48%)"
"6638","ミマキエンジニアリング","東P","2062","-51.0(-2.41%)"
"6643","戸上電機製作所","東S","4925","-165.0(-3.24%)"
"6644","大崎電気工業","東P","1442","-36.0(-2.44%)"
"6645","オムロン","東P","5172.0","+7.0(+0.14%)"
"6647","森尾電機","東S","2662","-38.0(-1.41%)"
"6648","かわでん","東S","1607","-59.0(-3.54%)"
"6651","日東工業","東P","4215","-95.0(-2.20%)"
"6652","ＩＤＥＣ","東P","3245","-45.0(-1.37%)"
"6653","正興電機製作所","東P","2011","-88.0(-4.19%)"
"6654","不二電機工業","東S","1107","-2.0(-0.18%)"
"6656","インスペック","東S","864","-79.0(-8.38%)"
"6658","シライ電子工業","東S","432","-8.0(-1.82%)"
"6659","メディアリンクス","東S","43","-8.0(-15.69%)"
"6662","ユビテック","東S","214","-1.0(-0.47%)"
"6663","太洋テクノレックス","東S","293","-3.0(-1.01%)"
"6664","オプトエレクトロニクス","東S","241","+1.0(+0.42%)"
"6666","リバーエレテック","東S","643","-40.0(-5.86%)"
"6668","アドテックプラズマテクノロジー","東S","2525","-173.0(-6.41%)"
"6674","ジーエスユアサコーポレーション","東P","5178.0","-283.0(-5.18%)"
"6675","サクサ","東S","2022","-12.0(-0.59%)"
"6676","バッファロー","東S","2694","-14.0(-0.52%)"
"6677","エスケーエレクトロニクス","東S","3305","-125.0(-3.64%)"
"6678","テクノメディカ","東S","2038","+12.0(+0.59%)"
"6694","ズーム","東S","640","+2.0(+0.31%)"
"6696","トラース・オン・プロダクト","東G","279","-5.0(-1.76%)"
"6699","ダイヤモンドエレクトリックＨＤ","東S","480","+4.0(+0.84%)"
"6701","日本電気","東P","4613.0","+123.0(+2.74%)"
"6702","富士通","東P","3844.0","+144.0(+3.89%)"
"6703","沖電気工業","東P","2976","-299.0(-9.13%)"
"6706","電気興業","東P","3005","+14.0(+0.47%)"
"6707","サンケン電気","東P","8000.0","-311.0(-3.74%)"
"6718","アイホン","東P","2886","+48.0(+1.69%)"
"6721","ウインテスト","東S","75","-2.0(-2.60%)"
"6723","ルネサスエレクトロニクス","東P","3170.0","-292.0(-8.43%)"
"6724","セイコーエプソン","東P","2978.0","+21.0(+0.71%)"
"6727","ワコム","東P","792","+15.0(+1.93%)"
"6728","アルバック","東P","7825.0","-495.0(-5.95%)"
"6730","アクセル","東S","1074","-6.0(-0.56%)"
"6731","ピクセラ","東S","104","-5.0(-4.59%)"
"6736","サン電子","東S","9130","-210.0(-2.25%)"
"6737","ＥＩＺＯ","東P","2725","-39.0(-1.41%)"
"6740","ジャパンディスプレイ","東P","44","-2.0(-4.35%)"
"6741","日本信号","東P","1549","-12.0(-0.77%)"
"6742","京三製作所","東P","822","-29.0(-3.41%)"
"6743","大同信号","東S","879","-4.0(-0.45%)"
"6744","能美防災","東P","4405","+0.0(+0.00%)"
"6745","ホーチキ","東P","1859","-54.0(-2.82%)"
"6748","星和電機","東S","715","-9.0(-1.24%)"
"6750","エレコム","東P","1923","+16.0(+0.84%)"
"6752","パナソニック　ＨＬＤＧ","東P","3507.0","-97.0(-2.69%)"
"6753","シャープ","東P","635.6","+25.4(+4.16%)"
"6754","アンリツ","東P","3438.0","-213.0(-5.83%)"
"6757","ＯＳＧコーポレーション","東S","875","+3.0(+0.34%)"
"6758","ソニーグループ","東P","3809.0","+147.0(+4.01%)"
"6762","ＴＤＫ","東P","2746.0","-181.5(-6.20%)"
"6763","帝国通信工業","東P","2798","-35.0(-1.24%)"
"6768","タムラ製作所","東P","751","-59.0(-7.28%)"
"6769","ザインエレクトロニクス","東S","924","-23.0(-2.43%)"
"6770","アルプスアルパイン","東P","2224.5","+17.5(+0.79%)"
"6771","池上通信機","東S","642","+1.0(+0.16%)"
"6772","東京コスモス電機","東S","1057","+3.0(+0.28%)"
"6775","ＴＢグループ","東S","120","+2.0(+1.69%)"
"6776","天昇電気工業","東S","268","+2.0(+0.75%)"
"6777","ｓａｎｔｅｃ　ＨＬＤＧ","東S","15290","-1,210.0(-7.33%)"
"6778","アルチザネットワークス","東S","658","+6.0(+0.92%)"
"6779","日本電波工業","東P","2256","-139.0(-5.80%)"
"6785","鈴木","東P","2798","-85.0(-2.95%)"
"6786","ＲＶＨ","東S","49","+1.0(+2.08%)"
"6787","メイコー","東P","18450","-2,400.0(-11.51%)"
"6788","日本トリム","東P","4770","+100.0(+2.14%)"
"6794","フォスター電機","東P","2668","-83.0(-3.02%)"
"6797","名古屋電機工業","東S","1192","-9.0(-0.75%)"
"6798","ＳＭＫ","東P","3010","+10.0(+0.33%)"
"6800","ヨコオ","東P","3565","-330.0(-8.47%)"
"6803","ティアック","東S","95","-2.0(-2.06%)"
"6804","ホシデン","東P","2826","+10.0(+0.36%)"
"6806","ヒロセ電機","東P","25980.0","-1,200.0(-4.42%)"
"6807","日本航空電子工業","東P","2462","-31.0(-1.24%)"
"6809","ＴＯＡ","東P","1639","+3.0(+0.18%)"
"6810","マクセル","東P","2075","-4.0(-0.19%)"
"6814","古野電気","東P","6960","-360.0(-4.92%)"
"6817","スミダコーポレーション","東P","1261","-40.0(-3.07%)"
"6819","伊豆シャボテンリゾート","東S","477","+1.0(+0.21%)"
"6820","アイコム","東P","3320","-5.0(-0.15%)"
"6822","大井電気","東S","5400","+60.0(+1.12%)"
"6823","リオン","東P","3250","-45.0(-1.37%)"
"6824","新コスモス電機","東S","4585","-240.0(-4.97%)"
"6832","アオイ電子","東S","2116","-134.0(-5.96%)"
"6834","精工技研","東S","16090","-2,170.0(-11.88%)"
"6835","アライドテレシスＨＬＤＧ","東S","234","-2.0(-0.85%)"
"6836","ぷらっとホーム","東S","725","-15.0(-2.03%)"
"6837","京写","東S","330","-1.0(-0.30%)"
"6838","多摩川ＨＬＤＧ","東S","1206","-43.0(-3.44%)"
"6840","ＡＫＩＢＡ　ＨＬＤＧ","東S","560","-22.0(-3.78%)"
"6841","横河電機","東P","5560.0","-95.0(-1.68%)"
"6844","新電元工業","東P","3110","-155.0(-4.75%)"
"6845","アズビル","東P","1643.0","+5.0(+0.31%)"
"6848","東亜ディーケーケー","東S","854","+2.0(+0.23%)"
"6849","日本光電工業","東P","1659.0","+46.0(+2.85%)"
"6850","チノー","東P","1546","-17.0(-1.09%)"
"6853","共和電業","東S","753","-8.0(-1.05%)"
"6855","日本電子材料","東S","5040","-420.0(-7.69%)"
"6856","堀場製作所","東P","23520.0","-1,180.0(-4.78%)"
"6857","アドバンテスト","東P","25200.0","-310.0(-1.22%)"
"6858","小野測器","東S","771","-18.0(-2.28%)"
"6859","エスペック","東P","3750","-195.0(-4.94%)"
"6861","キーエンス","東P","77590.0","+6,640.0(+9.36%)"
"6862","ミナトＨＬＤＧ","東S","1567","-110.0(-6.56%)"
"6863","ニレコ","東S","2638","-94.0(-3.44%)"
"6864","エヌエフＨＬＤＧ","東S","1405","-102.0(-6.77%)"
"6866","日置電機","東P","10340","-300.0(-2.82%)"
"6867","リーダー電子","東S","414","-5.0(-1.19%)"
"6869","シスメックス","東P","1672.5","+37.0(+2.26%)"
"6870","日本フェンオール","東S","2388","-43.0(-1.77%)"
"6871","日本マイクロニクス","東P","11250","-1,710.0(-13.19%)"
"6874","協立電機","東S","2505","+0.0(+0.00%)"
"6875","メガチップス","東P","8660","-440.0(-4.84%)"
"6877","ＯＢＡＲＡ　ＧＲＯＵＰ","東S","5490","-40.0(-0.72%)"
"6882","三社電機製作所","東S","1058","-40.0(-3.64%)"
"6888","アクモス","東S","482","+0.0(+0.00%)"
"6890","フェローテック","東S","7250","-300.0(-3.97%)"
"6894","パルステック工業","東S","2129","+19.0(+0.90%)"
"6897","ツインバード","東S","676","-2.0(-0.29%)"
"6898","トミタ電機","東S","3600","+0.0(+0.00%)"
"6899","ＡＳＴＩ","東S","2325","-51.0(-2.15%)"
"6902","デンソー","東P","2208.0","+128.5(+6.18%)"
"6904","原田工業","東S","451","+3.0(+0.67%)"
"6905","コーセル","東P","1209","-40.0(-3.20%)"
"6907","ジオマテック","東S","620","-22.0(-3.43%)"
"6908","イリソ電子工業","東P","2758","-24.0(-0.86%)"
"6912","菊水ＨＬＤＧ","東S","1795","-42.0(-2.29%)"
"6914","オプテックスグループ","東P","3245","-110.0(-3.28%)"
"6915","千代田インテグレ","東S","3350","+5.0(+0.15%)"
"6918","アバールデータ","東S","2916","-184.0(-5.94%)"
"6919","ケル","東S","1400","+0.0(+0.00%)"
"6920","レーザーテック","東P","34330.0","-3,110.0(-8.31%)"
"6923","スタンレー電気","東P","3628.0","+87.0(+2.46%)"
"6925","ウシオ電機","東P","3582.0","-241.0(-6.30%)"
"6926","岡谷電機産業","東S","185","+0.0(+0.00%)"
"6927","ヘリオス　テクノ　ＨＬＤＧ","東S","938","+0.0(+0.00%)"
"6928","エノモト","東S","2174","-165.0(-7.05%)"
"6929","日本セラミック","東P","3690","+0.0(+0.00%)"
"6932","遠藤照明","東S","2568","+3.0(+0.12%)"
"6941","山一電機","東P","7430","-830.0(-10.05%)"
"6942","ソフィアＨＬＤＧ","東S","1372","+0.0(+0.00%)"
"6943","ＮＫＫスイッチズ","東S","4980","-10.0(-0.20%)"
"6946","日本アビオニクス","東S","4740","-235.0(-4.72%)"
"6947","図研","東P","4885","+145.0(+3.06%)"
"6951","日本電子","東P","7676.0","-136.0(-1.74%)"
"6952","カシオ計算機","東P","1733.5","+5.5(+0.32%)"
"6954","ファナック","東P","6463.0","+90.0(+1.41%)"
"6955","ＦＤＫ","東S","387","-5.0(-1.28%)"
"6958","日本シイエムケイ","東P","578","-29.0(-4.78%)"
"6960","フクダ電子","東S","11360","-280.0(-2.41%)"
"6961","エンプラス","東P","10870","-1,080.0(-9.04%)"
"6962","大真空","東P","691","-21.0(-2.95%)"
"6963","ローム","東P","3925.0","-192.0(-4.66%)"
"6964","サンコー","東S","690","+8.0(+1.17%)"
"6965","浜松ホトニクス","東P","2153.5","-44.5(-2.02%)"
"6966","三井ハイテック","東P","854","-21.0(-2.40%)"
"6969","松尾電機","東S","934","-51.0(-5.18%)"
"6971","京セラ","東P","3613.0","-4.0(-0.11%)"
"6976","太陽誘電","東P","9005.0","-1,270.0(-12.36%)"
"6977","日本抵抗器製作所","東S","1499","+115.0(+8.31%)"
"6981","村田製作所","東P","6231.0","-922.0(-12.89%)"
"6982","リード","東S","614","-2.0(-0.32%)"
"6986","双葉電子工業","東P","576","+1.0(+0.17%)"
"6988","日東電工","東P","3549.0","+103.0(+2.99%)"
"6989","北陸電気工業","東S","2323","-65.0(-2.72%)"
"6993","大黒屋ＨＬＤＧ","東S","87","-6.0(-6.45%)"
"6994","指月電機製作所","東S","906","-84.0(-8.48%)"
"6995","東海理化電機製作所","東P","3345","+75.0(+2.29%)"
"6996","ニチコン","東P","2526","-229.0(-8.31%)"
"6997","日本ケミコン","東P","2570","-256.0(-9.06%)"
"6998","日本タングステン","東S","1798","-46.0(-2.49%)"
"6999","ＫＯＡ","東P","2066","-169.0(-7.56%)"
"7003","三井Ｅ＆Ｓ","東P","4613.0","-310.0(-6.30%)"
"7004","カナデビア","東P","1170","-21.0(-1.76%)"
"7011","三菱重工業","東P","3740.0","-65.0(-1.71%)"
"7012","川崎重工業","東P","2674.5","+0.0(+0.00%)"
"7013","ＩＨＩ","東P","2755.0","-19.5(-0.70%)"
"7014","名村造船所","東S","4135","-240.0(-5.49%)"
"7018","内海造船","東S","9890","-830.0(-7.74%)"
"7021","ニッチツ","東S","1994","+17.0(+0.86%)"
"7022","サノヤスＨＬＤＧ","東S","303","-2.0(-0.66%)"
"7030","スプリックス","東S","1120","-36.0(-3.11%)"
"7031","インバウンドテック","東G","730","-21.0(-2.80%)"
"7033","マネジメントソリューションズ","東P","1449","+50.0(+3.57%)"
"7034","プロレド・パートナーズ","東P","360","-4.0(-1.10%)"
"7035","ａｎｄ　ｆａｃｔｏｒｙ","東S","243","+0.0(+0.00%)"
"7036","イーエムネットジャパン","東G","643","+0.0(+0.00%)"
"7037","テノ．ＨＬＤＧ","東S","879","+13.0(+1.50%)"
"7038","フロンティア・マネジメント","東P","558","-2.0(-0.36%)"
"7039","ブリッジインターナショナルグル","東G","1743","+14.0(+0.81%)"
"7040","サン・ライフＨＬＤＧ","東S","972","-3.0(-0.31%)"
"7041","ＣＲＧ　ＨＬＤＧ","東G","356","+8.0(+2.30%)"
"7042","アクセスグループ・ＨＬＤＧ","東S","661","+1.0(+0.15%)"
"7043","アルー","東G","862","-6.0(-0.69%)"
"7044","ピアラ","東S","483","-2.0(-0.41%)"
"7046","ＴＤＳＥ","東G","1260","+0.0(+0.00%)"
"7047","ポート","東G","2317","-29.0(-1.24%)"
"7048","ベルトラ","東G","157","+1.0(+0.64%)"
"7049","識学","東G","848","+2.0(+0.24%)"
"7050","フロンティアインターナショナル","東G","1370","-9.0(-0.65%)"
"7057","エヌ・シー・エヌ","東S","948","+0.0(+0.00%)"
"7058","共栄セキュリティーサービス","東S","3250","+60.0(+1.88%)"
"7059","コプロ・ＨＬＤＧ","東P","817","+11.0(+1.36%)"
"7060","ギークス","東S","615","-2.0(-0.32%)"
"7061","日本ホスピスＨＬＤＧ","東G","565","+6.0(+1.07%)"
"7062","フレアス","東G","786","+0.0(+0.00%)"
"7063","Ｂｉｒｄｍａｎ","東G","104","-14.0(-11.86%)"
"7064","ハウテレビジョン","東S","870","+0.0(+0.00%)"
"7065","ユーピーアール","東S","988","+7.0(+0.71%)"
"7066","ピアズ","東G","425","-9.0(-2.07%)"
"7067","ブランディングテクノロジー","東G","995","-10.0(-1.00%)"
"7068","フィードフォースグループ","東G","555","+12.0(+2.21%)"
"7069","サイバー・バズ","東G","628","-46.0(-6.82%)"
"7071","アンビスＨＬＤＧ","東P","385","+20.0(+5.48%)"
"7072","インティメート・マージャー","東G","1022","+4.0(+0.39%)"
"7073","ジェイック","東G","2493","+10.0(+0.40%)"
"7074","トゥエンティーフォーセブンＨＤ","東G","178","-6.0(-3.26%)"
"7075","ＱＬＳ　ＨＬＤＧ","東G","808","+1.0(+0.12%)"
"7077","ＡＬｉＮＫインターネット","東G","1010","+2.0(+0.20%)"
"7078","ＩＮＣＬＵＳＩＶＥ　ＨＬＤＧ","東G","334","-2.0(-0.60%)"
"7079","ＷＤＢココ","東G","2601","-9.0(-0.34%)"
"7080","スポーツフィールド","東G","839","+0.0(+0.00%)"
"7081","コーユーレンティア","東S","1329","+0.0(+0.00%)"
"7082","ジモティー","東G","1406","+1.0(+0.07%)"
"7083","ＡＨＣグループ","東G","1049","+24.0(+2.34%)"
"7084","Ｓｍｉｌｅ　ＨＬＤＧ","東G","2722","-8.0(-0.29%)"
"7085","カーブスＨＬＤＧ","東P","994","+17.0(+1.74%)"
"7087","ウイルテック","東S","1349","-1.0(-0.07%)"
"7089","フォースタートアップス","東G","1575","-40.0(-2.48%)"
"7090","リグア","東G","813","+0.0(+0.00%)"
"7091","リビングプラットフォーム","東G","1190","-15.0(-1.24%)"
"7093","アディッシュ","東G","543","+3.0(+0.56%)"
"7094","ＮｅｘＴｏｎｅ","東G","1462","+43.0(+3.03%)"
"7095","Ｍａｃｂｅｅ　Ｐｌａｎｅｔ","東P","1235","+32.0(+2.66%)"
"7096","ステムセル研究所","東G","713","-11.0(-1.52%)"
"7097","さくらさくプラス","東G","2989","-5.0(-0.17%)"
"7102","日本車輌製造","東P","3435","-400.0(-10.43%)"
"7110","クラシコム","東G","2058","-5.0(-0.24%)"
"7111","ＩＮＥＳＴ","東S","502","+10.0(+2.03%)"
"7112","キューブ","東G","701","+7.0(+1.01%)"
"7114","フーディソン","東G","796","+0.0(+0.00%)"
"7115","アルファパーチェス","東S","1599","+19.0(+1.20%)"
"7119","ハルメクＨＬＤＧ","東G","1683","-7.0(-0.41%)"
"7120","ＳＨＩＮＫＯ","東S","1058","+3.0(+0.28%)"
"7122","近畿車輛","東S","2338","-32.0(-1.35%)"
"7126","グローバルスタイル","東S","1561","+9.0(+0.58%)"
"7127","一家ＨＬＤＧ","東S","700","+1.0(+0.14%)"
"7128","ユニソルＨＬＤＧ","東P","2810","+91.0(+3.35%)"
"7129","ミアヘルサＨＬＤＧ","東S","1154","-5.0(-0.43%)"
"7130","ヤマエグループＨＬＤＧ","東P","2899","+12.0(+0.42%)"
"7131","のむら産業","東S","3505","+25.0(+0.72%)"
"7133","ＨＹＵＧＡ　ＰＲＩＭＡＲＹ　Ｃ","東G","1227","-19.0(-1.52%)"
"7134","アップガレージグループ","東S","1429","+27.0(+1.93%)"
"7135","ジャパンクラフトＨＬＤＧ","東S","219","+1.0(+0.46%)"
"7138","ＴＯＲＩＣＯ","東G","124","-4.0(-3.13%)"
"7140","ペットゴー","東G","808","+7.0(+0.87%)"
"7148","ＦＰＧ","東P","1673","+59.0(+3.66%)"
"7150","島根銀行","東S","484","-14.0(-2.81%)"
"7157","ライフネット生命保険","東P","1689","+85.0(+5.30%)"
"7161","じもとＨＬＤＧ","東S","505","-13.0(-2.51%)"
"7162","アストマックス","東S","236","-30.0(-11.28%)"
"7164","全国保証","東P","3236.0","+78.0(+2.47%)"
"7167","めぶきフィナンシャルグループ","東P","1498.5","-21.5(-1.41%)"
"7172","ジャパンインベストメントアドバ","東P","2123","+26.0(+1.24%)"
"7173","東京きらぼしＦＧ","東P","1702","-62.0(-3.51%)"
"7175","今村証券","東S","1650","-49.0(-2.88%)"
"7177","ＧＭＯフィナンシャルＨＬＤＧ","東S","1079","-1.0(-0.09%)"
"7180","九州ＦＧ","東P","1511.0","-49.5(-3.17%)"
"7181","かんぽ生命保険","東P","1783.5","+31.0(+1.77%)"
"7182","ゆうちょ銀行","東P","3216.0","-40.0(-1.23%)"
"7183","あんしん保証","東S","255","+1.0(+0.39%)"
"7184","富山第一銀行","東P","2949","-141.0(-4.56%)"
"7185","ヒロセ通商","東S","3885","-15.0(-0.38%)"
"7186","横浜ＦＧ","東P","1912.0","-13.5(-0.70%)"
"7187","ジェイリース","東P","1366","+16.0(+1.19%)"
"7189","西日本フィナンシャルＨＬＤＧ","東P","4268.0","-127.0(-2.89%)"
"7191","イントラスト","東S","1127","+14.0(+1.26%)"
"7192","日本モーゲージサービス","東S","603","+6.0(+1.01%)"
"7196","Ｃａｓａ","東S","778","-5.0(-0.64%)"
"7198","ＳＢＩアルヒ","東P","816","+14.0(+1.75%)"
"7199","プレミアグループ","東P","2042","+21.0(+1.04%)"
"7201","日産自動車","東P","358.2","+20.8(+6.16%)"
"7202","いすゞ自動車","東P","2470.5","+39.5(+1.62%)"
"7203","トヨタ自動車","東P","3224.0","+216.0(+7.18%)"
"7208","カネミツ","東S","1336","+20.0(+1.52%)"
"7211","三菱自動車工業","東P","391.8","+19.8(+5.32%)"
"7212","エフテック","東S","673","+8.0(+1.20%)"
"7213","レシップＨＬＤＧ","東S","619","+0.0(+0.00%)"
"7214","ＧＭＢ","東S","1032","+18.0(+1.78%)"
"7215","ファルテック","東S","421","-1.0(-0.24%)"
"7217","テイン","東S","421","-5.0(-1.17%)"
"7218","田中精密工業","東S","1028","-9.0(-0.87%)"
"7219","エッチ・ケー・エス","東S","2505","-25.0(-0.99%)"
"7220","武蔵精密工業","東P","3040","-25.0(-0.82%)"
"7222","日産車体","東S","1002","+27.0(+2.77%)"
"7224","新明和工業","東P","1924","-36.0(-1.84%)"
"7226","極東開発工業","東P","2376","+32.0(+1.37%)"
"7228","デイトナ","東S","3835","-5.0(-0.13%)"
"7231","トピー工業","東P","2925","+44.0(+1.53%)"
"7235","東京ラヂエーター製造","東S","1542","-10.0(-0.64%)"
"7236","ティラド","東P","1467","-14.0(-0.95%)"
"7238","曙ブレーキ工業","東P","107","+0.0(+0.00%)"
"7239","タチエス","東P","2254","+33.0(+1.49%)"
"7240","ＮＯＫ","東P","3021.0","+23.5(+0.78%)"
"7241","フタバ産業","東P","1038","+18.0(+1.76%)"
"7242","カヤバ","東P","4555","+110.0(+2.47%)"
"7244","市光工業","東P","543","+10.0(+1.88%)"
"7245","大同メタル工業","東P","1240","-27.0(-2.13%)"
"7246","プレス工業","東P","855","+14.0(+1.66%)"
"7247","ミクニ","東S","365","+0.0(+0.00%)"
"7254","ユニバンス","東S","800","+2.0(+0.25%)"
"7255","桜井製作所","東S","558","+0.0(+0.00%)"
"7256","河西工業","東S","404","+1.0(+0.25%)"
"7259","アイシン","東P","2512.5","+104.0(+4.32%)"
"7261","マツダ","東P","1218.5","+36.0(+3.04%)"
"7264","ムロコーポレーション","東S","1367","+4.0(+0.29%)"
"7265","エイケン工業","東S","3845","-5.0(-0.13%)"
"7266","今仙電機製作所","東S","916","+1.0(+0.11%)"
"7267","本田技研工業","東P","1688.5","+76.5(+4.75%)"
"7269","スズキ","東P","2145.5","+67.0(+3.22%)"
"7270","ＳＵＢＡＲＵ","東P","2848.5","+168.5(+6.29%)"
"7271","安永","東S","931","-5.0(-0.53%)"
"7272","ヤマハ発動機","東P","1409.0","+69.0(+5.15%)"
"7273","イクヨ","東S","598","+3.0(+0.50%)"
"7276","小糸製作所","東P","2697.5","+172.5(+6.83%)"
"7277","ＴＢＫ","東S","327","-1.0(-0.30%)"
"7278","エクセディ","東P","6130","-10.0(-0.16%)"
"7279","ハイレックスコーポレーション","東S","2171","-25.0(-1.14%)"
"7280","ミツバ","東P","1177","+28.0(+2.44%)"
"7282","豊田合成","東P","5200.0","+72.0(+1.40%)"
"7283","愛三工業","東P","2339","+41.0(+1.78%)"
"7284","盟和産業","東S","1187","+16.0(+1.37%)"
"7287","日本精機","東S","2312","-78.0(-3.26%)"
"7291","日本プラスト","東S","481","-3.0(-0.62%)"
"7292","村上開明堂","東S","6720","+30.0(+0.45%)"
"7294","ヨロズ","東P","915","+28.0(+3.16%)"
"7296","エフ・シー・シー","東P","3795","+105.0(+2.85%)"
"7297","カーメイト","東S","884","+0.0(+0.00%)"
"7299","フジオーゼックス","東S","1894","+14.0(+0.74%)"
"7305","新家工業","東S","2700","+44.0(+1.66%)"
"7309","シマノ","東P","21065.0","+1,980.0(+10.37%)"
"7313","テイ・エス　テック","東P","1890.0","+62.5(+3.42%)"
"7314","小田原機器","東S","1271","+20.0(+1.60%)"
"7318","セレンディップＨＬＤＧ","東G","1839","-68.0(-3.57%)"
"7320","Ｓｏｌｖｖｙ","東G","1431","+17.0(+1.20%)"
"7322","三十三ＦＧ","東P","1864","-114.0(-5.76%)"
"7325","アイリックコーポレーション","東G","684","+1.0(+0.15%)"
"7326","ＳＢＩインシュアランスグループ","東G","2131","+20.0(+0.95%)"
"7327","第四北越ＦＧ","東P","2268","-60.0(-2.58%)"
"7337","ひろぎんＨＬＤＧ","東P","2252.0","-23.5(-1.03%)"
"7343","ブロードマインド","東G","1232","-22.0(-1.75%)"
"7345","アイ・パートナーズフィナンシャ","東G","960","+9.0(+0.95%)"
"7347","マーキュリアＨＬＤＧ","東P","777","+6.0(+0.78%)"
"7350","おきなわＦＧ","東P","7160","-200.0(-2.72%)"
"7351","グッドパッチ","東G","438","+3.0(+0.69%)"
"7352","ＴＷＯＳＴＯＮＥ＆Ｓｏｎｓ","東G","320","-9.0(-2.74%)"
"7353","ＫＩＹＯラーニング","東G","572","+4.0(+0.70%)"
"7354","ＤｍＭＩＸ","東S","337","+4.0(+1.20%)"
"7356","ＲＥＴＴＹ","東G","116","-3.0(-2.52%)"
"7357","ジオコード","東S","1597","-18.0(-1.11%)"
"7358","ポピンズ","東S","1547","+31.0(+2.04%)"
"7359","東京通信グループ","東G","225","+2.0(+0.90%)"
"7360","オンデック","東G","642","+4.0(+0.63%)"
"7361","ヒューマンクリエイションＨＬＤ","東G","1190","-8.0(-0.67%)"
"7362","Ｔ．Ｓ．Ｉ","東G","858","-28.0(-3.16%)"
"7363","ベビーカレンダー","東G","1200","-46.0(-3.69%)"
"7366","ＬＩＴＡＬＩＣＯ","東P","1609","+21.0(+1.32%)"
"7367","セルム","東S","336","+3.0(+0.90%)"
"7368","表示灯","東S","1673","-9.0(-0.54%)"
"7369","メイホーＨＬＤＧ","東G","383","+4.0(+1.06%)"
"7370","Ｅｎｊｉｎ","東G","708","-2.0(-0.28%)"
"7371","Ｚｅｎｋｅｎ","東G","740","-1.0(-0.13%)"
"7372","デコルテＨＬＤＧ","東G","377","-4.0(-1.05%)"
"7373","アイドマＨＬＤＧ","東G","980","+0.0(+0.00%)"
"7374","コンフィデンス・インターワーク","東G","1526","-4.0(-0.26%)"
"7375","リファインバースグループ","東G","1051","-57.0(-5.14%)"
"7376","ＢＣＣ","東G","1178","+7.0(+0.60%)"
"7377","ＤＮ　ＨＬＤＧ","東S","1750","-2.0(-0.11%)"
"7378","アシロ","東G","1492","+5.0(+0.34%)"
"7380","十六ＦＧ","東P","2369","-138.0(-5.50%)"
"7381","ＣＣＩグループ","東P","1111","-39.0(-3.39%)"
"7383","ネットプロテクションズＨＬＤＧ","東P","437","+6.0(+1.39%)"
"7384","プロクレアＨＬＤＧ","東P","4025","-200.0(-4.73%)"
"7388","ＦＰパートナー","東P","2165","+7.0(+0.32%)"
"7389","あいちＦＧ","東P","1700","-123.0(-6.75%)"
"7399","ナンシン","東S","593","-3.0(-0.50%)"
"7409","ＡｅｒｏＥｄｇｅ","東G","1399","-3.0(-0.21%)"
"7412","アトム","東S","388","+18.0(+4.86%)"
"7413","創健社","東S","2608","+50.0(+1.95%)"
"7414","小野建","東P","1465","+27.0(+1.88%)"
"7416","はるやまＨＬＤＧ","東S","696","-5.0(-0.71%)"
"7417","南陽","東S","1947","+75.0(+4.01%)"
"7419","ノジマ","東P","1461","+0.0(+0.00%)"
"7421","カッパ・クリエイト","東P","1651","+76.0(+4.83%)"
"7422","東邦レマック","東S","360","-5.0(-1.37%)"
"7425","初穂商事","東S","1204","+33.0(+2.82%)"
"7426","山大","東S","605","+5.0(+0.83%)"
"7427","エコートレーディング","東S","823","-1.0(-0.12%)"
"7433","伯東","東P","4765","+195.0(+4.27%)"
"7434","オータケ","東S","1770","-30.0(-1.67%)"
"7435","ナ・デックス","東S","1153","-10.0(-0.86%)"
"7438","コンドーテック","東P","1607","+37.0(+2.36%)"
"7442","中山福","東S","496","+2.0(+0.40%)"
"7443","横浜魚類","東S","640","+3.0(+0.47%)"
"7444","ハリマ共和物産","東S","1990","+5.0(+0.25%)"
"7446","東北化学薬品","東S","-","- (-%)"
"7447","ナガイレーベン","東P","1841","+51.0(+2.85%)"
"7453","良品計画","東P","4414.0","+109.0(+2.53%)"
"7456","松田産業","東P","5160","-160.0(-3.01%)"
"7458","第一興商","東P","1878.0","+39.0(+2.12%)"
"7459","メディパルＨＬＤＧ","東P","3064.0","+93.5(+3.15%)"
"7460","ヤギ","東S","1877","+21.0(+1.13%)"
"7461","キムラ","東S","471","+1.0(+0.21%)"
"7462","ＣＡＰＩＴＡ","東S","407","-3.0(-0.73%)"
"7463","アドヴァングループ","東S","950","+26.0(+2.81%)"
"7464","セフテック","東S","1575","+10.0(+0.64%)"
"7466","ＳＰＫ","東P","1373","+0.0(+0.00%)"
"7472","鳥羽洋行","東S","3870","-70.0(-1.78%)"
"7475","アルビス","東P","2654","+39.0(+1.49%)"
"7476","アズワン","東P","2581.0","+51.0(+2.02%)"
"7477","ムラキ","東S","1646","-72.0(-4.19%)"
"7480","スズデン","東S","2328","-32.0(-1.36%)"
"7481","尾家産業","東S","2484","-47.0(-1.86%)"
"7482","シモジマ","東P","1410","+15.0(+1.08%)"
"7483","ドウシシャ","東P","3075","+40.0(+1.32%)"
"7486","サンリン","東S","811","+6.0(+0.75%)"
"7487","小津産業","東S","1785","+8.0(+0.45%)"
"7490","日新商事","東S","-","- (-%)"
"7494","コナカ","東S","235","+1.0(+0.43%)"
"7500","西川計測","東S","9750","+0.0(+0.00%)"
"7501","ティムコ","東S","1452","-9.0(-0.62%)"
"7502","プラザＨＬＤＧ","東S","1670","+20.0(+1.21%)"
"7504","高速","東P","4000","+160.0(+4.17%)"
"7505","扶桑電通","東S","2203","-28.0(-1.26%)"
"7506","ハウス　オブ　ローゼ","東S","1380","-19.0(-1.36%)"
"7508","Ｇ―７ＨＬＤＧ","東P","1494","+32.0(+2.19%)"
"7509","アイエーグループ","東S","4730","+25.0(+0.53%)"
"7510","たけびし","東P","2459","-24.0(-0.97%)"
"7512","イオン北海道","東S","868","+9.0(+1.05%)"
"7513","コジマ","東P","1419","+0.0(+0.00%)"
"7514","ヒマラヤ","東S","881","+8.0(+0.92%)"
"7515","マルヨシセンター","東S","4630","-20.0(-0.43%)"
"7516","コーナン商事","東P","4375","+100.0(+2.34%)"
"7520","エコス","東P","2533","+43.0(+1.73%)"
"7521","ムサシ","東S","2655","+0.0(+0.00%)"
"7522","ワタミ","東P","977","+20.0(+2.09%)"
"7523","アールビバン","東S","1898","+0.0(+0.00%)"
"7524","マルシェ","東S","183","-1.0(-0.54%)"
"7525","リックス","東P","3585","+10.0(+0.28%)"
"7527","システムソフト","東S","46","+0.0(+0.00%)"
"7531","清和中央ＨＬＤＧ","東S","-","- (-%)"
"7532","パン・パシフィック・インターナ","東P","964.6","+40.8(+4.42%)"
"7537","丸文","東P","1595","-55.0(-3.33%)"
"7538","大水","東S","378","-2.0(-0.53%)"
"7539","アイナボＨＬＤＧ","東S","791","-8.0(-1.00%)"
"7544","スリーエフ","東S","565","+1.0(+0.18%)"
"7545","西松屋チェーン","東P","2065","+61.0(+3.04%)"
"7550","ゼンショーＨＬＤＧ","東P","10325.0","+471.0(+4.78%)"
"7551","ウェッズ","東S","715","-28.0(-3.77%)"
"7552","ハピネット","東P","3380","+145.0(+4.48%)"
"7554","幸楽苑","東P","1175","+27.0(+2.35%)"
"7555","大田花き","東S","740","+0.0(+0.00%)"
"7561","ハークスレイＨＬＤＧ","東S","661","-1.0(-0.15%)"
"7562","安楽亭","東S","3790","+10.0(+0.26%)"
"7564","ワークマン","東S","5870","-50.0(-0.84%)"
"7565","萬世電機","東S","6910","+0.0(+0.00%)"
"7567","栄電子","東S","525","-1.0(-0.19%)"
"7570","橋本総業ＨＬＤＧ","東S","1442","+10.0(+0.70%)"
"7571","ヤマノＨＬＤＧ","東S","82","-2.0(-2.38%)"
"7575","日本ライフライン","東P","1450","+26.0(+1.83%)"
"7578","ニチリョク","東S","69","+0.0(+0.00%)"
"7581","サイゼリヤ","東P","8310","+480.0(+6.13%)"
"7585","かんなん丸","東S","407","+1.0(+0.25%)"
"7590","タカショー","東S","393","+1.0(+0.26%)"
"7593","ＶＴ　ＨＬＤＧ","東P","499","+9.0(+1.84%)"
"7595","アルゴグラフィックス","東P","1392","+41.0(+3.03%)"
"7596","魚力","東P","2352","+26.0(+1.12%)"
"7599","ＩＤＯＭ","東P","1287","-43.0(-3.23%)"
"7600","日本エム・ディ・エム","東P","900","-3.0(-0.33%)"
"7601","ポプラ","東S","166","+0.0(+0.00%)"
"7602","レダックス","東S","167","-4.0(-2.34%)"
"7603","ジーイエット","東S","45","-2.0(-4.26%)"
"7604","梅の花グループ","東S","905","+3.0(+0.33%)"
"7606","ユナイテッドアローズ","東P","2517","+66.0(+2.69%)"
"7607","進和","東P","3180","+10.0(+0.32%)"
"7608","エスケイジャパン","東S","746","-28.0(-3.62%)"
"7609","ダイトロン","東P","3080","-205.0(-6.24%)"
"7610","テイツー","東S","147","+1.0(+0.68%)"
"7611","ハイデイ日高","東P","2984","+100.0(+3.47%)"
"7613","シークス","東P","1395","-7.0(-0.50%)"
"7614","オーエムツーネットワーク","東S","1546","-6.0(-0.39%)"
"7615","京都きもの友禅ＨＬＤＧ","東S","97","-2.0(-2.02%)"
"7616","コロワイド","東P","2143.5","+121.5(+6.01%)"
"7619","田中商事","東S","915","-3.0(-0.33%)"
"7621","うかい","東S","3415","+0.0(+0.00%)"
"7624","ＮａＩＴＯ","東S","139","-1.0(-0.71%)"
"7625","グローバルダイニング","東S","471","+7.0(+1.51%)"
"7628","オーハシテクニカ","東P","1167","+21.0(+1.83%)"
"7630","壱番屋","東P","968","+31.0(+3.31%)"
"7634","星医療酸器","東S","5300","+0.0(+0.00%)"
"7636","ハンズマン","東S","795","+20.0(+2.58%)"
"7637","白銅","東P","3275","-10.0(-0.30%)"
"7638","ＮＥＷ　ＡＲＴ　ＨＬＤＧ","東S","1361","-12.0(-0.87%)"
"7640","トップカルチャー","東S","178","+3.0(+1.71%)"
"7643","ダイイチ","東S","1706","-2.0(-0.12%)"
"7646","ＰＬＡＮＴ","東S","1789","-17.0(-0.94%)"
"7649","スギＨＬＤＧ","東P","3032.0","+122.0(+4.19%)"
"7670","オーウエル","東S","1053","-12.0(-1.13%)"
"7673","ダイコー通産","東S","1612","-19.0(-1.16%)"
"7674","ＮＡＴＴＹ　ＳＷＡＮＫＹＨＬＤ","東G","2725","-89.0(-3.16%)"
"7677","ヤシマキザイ","東S","-","- (-%)"
"7678","あさくま","東S","6330","-20.0(-0.31%)"
"7679","薬王堂ＨＬＤＧ","東P","1807","+51.0(+2.90%)"
"7681","レオクラン","東S","-","- (-%)"
"7682","浜木綿","東S","4115","+15.0(+0.37%)"
"7683","ダブルエー","東P","1414","-4.0(-0.28%)"
"7685","ＢｕｙＳｅｌｌ　Ｔｅｃｈ","東G","3025","-55.0(-1.79%)"
"7686","ひとまいる","東S","422","+0.0(+0.00%)"
"7687","ミクリード","東G","440","+2.0(+0.46%)"
"7689","コパ・コーポレーション","東G","315","+0.0(+0.00%)"
"7692","アースインフィニティ","東S","78","+0.0(+0.00%)"
"7694","いつも","東G","417","+3.0(+0.72%)"
"7695","交換できるくん","東G","708","-15.0(-2.07%)"
"7698","アイスコ","東S","2627","+1.0(+0.04%)"
"7699","オムニ・プラス・システム","東G","-","- (-%)"
"7701","島津製作所","東P","4129.0","-9.0(-0.22%)"
"7702","ＪＭＳ","東S","453","+2.0(+0.44%)"
"7707","プレシジョン・システム・サイエ","東G","198","-3.0(-1.49%)"
"7709","クボテック","東S","38","-3.0(-7.32%)"
"7711","助川電気工業","東S","4120","-130.0(-3.06%)"
"7713","シグマ光機","東S","1802","-48.0(-2.59%)"
"7715","長野計器","東P","3355","-190.0(-5.36%)"
"7716","ナカニシ","東S","2978","-102.0(-3.31%)"
"7717","ブイ・テクノロジー","東P","4995","-375.0(-6.98%)"
"7719","東京衡機","東S","393","-20.0(-4.84%)"
"7721","東京計器","東P","6250","-590.0(-8.63%)"
"7722","国際計測器","東S","791","-7.0(-0.88%)"
"7723","愛知時計電機","東P","3045","+30.0(+1.00%)"
"7725","インターアクション","東P","1600","-84.0(-4.99%)"
"7726","黒田精工","東S","1180","-42.0(-3.44%)"
"7727","オーバル","東S","700","-12.0(-1.69%)"
"7729","東京精密","東P","14760.0","-1,360.0(-8.44%)"
"7730","マニー","東P","1525","+11.0(+0.73%)"
"7731","ニコン","東P","1959.5","+3.5(+0.18%)"
"7733","オリンパス","東P","1862.5","+60.5(+3.36%)"
"7734","理研計器","東P","3300","-40.0(-1.20%)"
"7735","ＳＣＲＥＥＮ　ＨＬＤＧ","東P","11730.0","-2,445.0(-17.25%)"
"7740","タムロン","東P","1134","+8.0(+0.71%)"
"7741","ＨＯＹＡ","東P","23765.0","+80.0(+0.34%)"
"7743","シード","東S","528","+5.0(+0.96%)"
"7744","ノーリツ鋼機","東P","1982","+18.0(+0.92%)"
"7745","Ａ＆ＤホロンＨＬＤＧ","東P","2829","-41.0(-1.43%)"
"7746","岡本硝子","東S","720","-16.0(-2.17%)"
"7747","朝日インテック","東P","3700.0","+130.0(+3.64%)"
"7749","メディキット","東S","2804","+1.0(+0.04%)"
"7751","キヤノン","東P","4635.0","+157.0(+3.51%)"
"7752","リコー","東P","1643.5","+50.0(+3.14%)"
"7760","ＩＭＶ","東S","2070","-160.0(-7.17%)"
"7762","シチズン時計","東P","2023","-117.0(-5.47%)"
"7769","リズム","東P","3890","-30.0(-0.77%)"
"7771","日本精密","東S","270","-9.0(-3.23%)"
"7774","ジャパン・ティッシュエンジニア","東G","605","-12.0(-1.94%)"
"7775","大研医器","東S","425","-3.0(-0.70%)"
"7776","セルシード","東G","201","-5.0(-2.43%)"
"7777","スリー・ディー・マトリックス","東G","317","-12.0(-3.65%)"
"7779","ＣＹＢＥＲＤＹＮＥ","東G","220","-2.0(-0.90%)"
"7780","メニコン","東P","1810","+46.0(+2.61%)"
"7781","平山ＨＬＤＧ","東S","774","-1.0(-0.13%)"
"7782","シンシア","東S","468","-2.0(-0.43%)"
"7791","ドリームベッド","東S","825","+1.0(+0.12%)"
"7792","コラントッテ","東G","1442","-8.0(-0.55%)"
"7793","イメージ・マジック","東G","1372","+5.0(+0.37%)"
"7794","イーディーピー","東G","844","-44.0(-4.95%)"
"7795","ＫＹＯＲＩＴＳＵ","東S","203","+0.0(+0.00%)"
"7800","アミファ","東S","947","-7.0(-0.73%)"
"7803","ブシロード","東G","399","-5.0(-1.24%)"
"7804","ビーアンドピー","東S","2269","+3.0(+0.13%)"
"7805","プリントネット","東S","752","-6.0(-0.79%)"
"7806","ＭＴＧ","東G","7300","-230.0(-3.05%)"
"7807","幸和製作所","東S","869","-6.0(-0.69%)"
"7808","シー・エス・ランバー","東S","2672","+2.0(+0.07%)"
"7809","壽屋","東S","1314","+2.0(+0.15%)"
"7810","クロスフォー","東S","155","+2.0(+1.31%)"
"7811","中本パックス","東S","1922","+11.0(+0.58%)"
"7812","クレステック","東S","2190","+0.0(+0.00%)"
"7813","プラッツ","東S","797","-14.0(-1.73%)"
"7814","日本創発グループ","東S","639","-6.0(-0.93%)"
"7815","東京ボード工業","東S","305","-24.0(-7.29%)"
"7818","トランザクション","東P","1234","+32.0(+2.66%)"
"7819","粧美堂","東S","946","-7.0(-0.73%)"
"7820","ニホンフラッシュ","東P","731","+7.0(+0.97%)"
"7821","前田工繊","東P","1966","+81.0(+4.30%)"
"7822","永大産業","東S","238","-1.0(-0.42%)"
"7823","アートネイチャー","東S","909","+24.0(+2.71%)"
"7826","フルヤ金属","東P","5830","-320.0(-5.20%)"
"7827","オービス","東S","1638","+3.0(+0.18%)"
"7831","ウイルコＨＬＤＧ","東S","67","-2.0(-2.90%)"
"7832","バンダイナムコＨＬＤＧ","東P","4747.0","+225.0(+4.98%)"
"7833","アイフィスジャパン","東S","645","+7.0(+1.10%)"
"7836","アビックス","東S","80","+0.0(+0.00%)"
"7837","アールシーコア","東S","340","-7.0(-2.02%)"
"7839","ＳＨＯＥＩ","東P","2012","+32.0(+1.62%)"
"7840","フランスベッドＨＬＤＧ","東P","1297","+22.0(+1.73%)"
"7841","遠藤製作所","東S","1082","+1.0(+0.09%)"
"7844","マーベラス","東P","465","+14.0(+3.10%)"
"7846","パイロットコーポレーション","東P","1858.0","+41.0(+2.26%)"
"7847","グラファイトデザイン","東S","647","+5.0(+0.78%)"
"7849","スターツ出版","東S","3420","+20.0(+0.59%)"
"7850","総合商研","東S","882","-2.0(-0.23%)"
"7851","カワセコンピュータサプライ","東S","185","-8.0(-4.15%)"
"7856","萩原工業","東P","1835","+33.0(+1.83%)"
"7857","セキ","東S","1298","+0.0(+0.00%)"
"7859","アルメディオ","東S","197","-8.0(-3.90%)"
"7860","エイベックス","東P","1351","+31.0(+2.35%)"
"7863","平賀","東S","940","-7.0(-0.74%)"
"7864","フジシールインターナショナル","東P","3150","+35.0(+1.12%)"
"7865","ピープル","東S","340","+4.0(+1.19%)"
"7867","タカラトミー","東P","3720.0","+93.0(+2.56%)"
"7868","広済堂ＨＬＤＧ","東P","511","-9.0(-1.73%)"
"7871","フクビ化学工業","東S","947","+12.0(+1.28%)"
"7872","エステールＨＬＤＧ","東S","605","-3.0(-0.49%)"
"7874","レック","東P","990","+19.0(+1.96%)"
"7875","竹田ｉＰＨＬＤＧ","東S","766","-14.0(-1.79%)"
"7877","永大化工","東S","2163","+3.0(+0.14%)"
"7878","光・彩","東S","1320","-98.0(-6.91%)"
"7879","ノダ","東S","644","-2.0(-0.31%)"
"7883","サンメッセ","東S","390","+0.0(+0.00%)"
"7885","タカノ","東S","1078","-7.0(-0.65%)"
"7886","ヤマト　モビリティ　＆　Ｍｆｇ","東S","730","-20.0(-2.67%)"
"7887","南海プライウッド","東S","1546","+6.0(+0.39%)"
"7888","三光合成","東P","945","+31.0(+3.39%)"
"7893","プロネクサス","東P","1210","+31.0(+2.63%)"
"7896","セブン工業","東S","506","-2.0(-0.39%)"
"7897","ホクシン","東S","101","+0.0(+0.00%)"
"7898","ウッドワン","東S","895","+0.0(+0.00%)"
"7901","マツモト","東S","823","-8.0(-0.96%)"
"7902","ソノコム","東S","1083","-21.0(-1.90%)"
"7906","ヨネックス","東S","2649","+30.0(+1.15%)"
"7908","きもと","東S","227","-6.0(-2.58%)"
"7911","ＴＯＰＰＡＮＨＬＤＧ","東P","4281.0","-110.0(-2.51%)"
"7912","大日本印刷","東P","2991.0","-12.0(-0.40%)"
"7914","共同印刷","東P","1655","+9.0(+0.55%)"
"7915","ＮＩＳＳＨＡ","東P","1325","-28.0(-2.07%)"
"7916","光村印刷","東S","1845","+14.0(+0.76%)"
"7917","ＺＡＣＲＯＳ","東P","1341","-16.0(-1.18%)"
"7918","ヴィアＨＬＤＧ","東S","107","-1.0(-0.93%)"
"7919","野崎印刷紙業","東S","199","-3.0(-1.49%)"
"7921","ＴＡＫＡＲＡ＆ＣＯＭＰＡＮＹ","東P","4550","+125.0(+2.82%)"
"7927","ムトー精工","東S","2308","+6.0(+0.26%)"
"7928","旭化学工業","東S","631","-2.0(-0.32%)"
"7931","未来工業","東P","3420","+60.0(+1.79%)"
"7932","ニッピ","東S","12420","+130.0(+1.06%)"
"7936","アシックス","東P","4800.0","-63.0(-1.30%)"
"7937","ツツミ","東S","2621","-25.0(-0.94%)"
"7938","リーガルコーポレーション","東S","2226","-13.0(-0.58%)"
"7939","研創","東S","620","+5.0(+0.81%)"
"7942","ＪＳＰ","東P","2493","-13.0(-0.52%)"
"7943","ニチハ","東P","3140","+50.0(+1.62%)"
"7944","ローランド","東P","4040","+15.0(+0.37%)"
"7946","光陽社","東S","345","-7.0(-1.99%)"
"7947","エフピコ","東P","2644","+37.0(+1.42%)"
"7949","小松ウオール工業","東P","2789","+36.0(+1.31%)"
"7951","ヤマハ","東P","1288.5","+40.5(+3.25%)"
"7952","河合楽器製作所","東P","3365","+165.0(+5.16%)"
"7953","菊水化学工業","東S","387","-1.0(-0.26%)"
"7955","クリナップ","東P","940","+6.0(+0.64%)"
"7956","ピジョン","東P","2102.5","+100.0(+4.99%)"
"7957","フジコピアン","東S","2030","+52.0(+2.63%)"
"7962","キングジム","東P","807","+0.0(+0.00%)"
"7963","興研","東S","1782","-3.0(-0.17%)"
"7965","象印マホービン","東P","1482","+38.0(+2.63%)"
"7966","リンテック","東P","5900","-220.0(-3.59%)"
"7970","信越ポリマー","東P","2106","-47.0(-2.18%)"
"7971","東リ","東S","662","+6.0(+0.91%)"
"7972","イトーキ","東P","2887","-18.0(-0.62%)"
"7974","任天堂","東P","7986.0","+327.0(+4.27%)"
"7975","リヒトラブ","東S","1112","+1.0(+0.09%)"
"7976","三菱鉛筆","東P","2645","+22.0(+0.84%)"
"7979","松風","東P","2174","+50.0(+2.35%)"
"7980","重松製作所","東S","826","+16.0(+1.98%)"
"7981","タカラスタンダード","東P","3280","+10.0(+0.31%)"
"7983","ミロク","東S","1041","-4.0(-0.38%)"
"7984","コクヨ","東P","904.0","+21.7(+2.46%)"
"7985","ネポン","東S","785","-11.0(-1.38%)"
"7986","日本アイ・エス・ケイ","東S","-","- (-%)"
"7987","ナカバヤシ","東S","592","+10.0(+1.72%)"
"7988","ニフコ","東P","5325.0","+88.0(+1.68%)"
"7989","立川ブラインド工業","東P","2704","+59.0(+2.23%)"
"7990","グローブライド","東P","2552","+76.0(+3.07%)"
"7991","マミヤ・オーピー","東S","1113","+14.0(+1.27%)"
"7992","セーラー万年筆","東S","101","-1.0(-0.98%)"
"7994","オカムラ","東P","2364","+35.0(+1.50%)"
"7995","バルカー","東P","5960","-280.0(-4.49%)"
"7997","くろがね工作所","東S","1030","-2.0(-0.19%)"
"8001","伊藤忠商事","東P","2043.0","+44.5(+2.23%)"
"8002","丸紅","東P","5205.0","-67.0(-1.27%)"
"8005","スクロール","東P","1725","+11.0(+0.64%)"
"8006","ユアサ・フナショク","東S","1599","-10.0(-0.62%)"
"8007","高島","東P","811","+6.0(+0.75%)"
"8008","ヨンドシーＨＬＤＧ","東P","2083","+55.0(+2.71%)"
"8011","三陽商会","東P","4760","+80.0(+1.71%)"
"8012","長瀬産業","東P","1125.0","-17.5(-1.53%)"
"8013","ナイガイ","東S","374","+0.0(+0.00%)"
"8014","蝶理","東P","3975","+60.0(+1.53%)"
"8015","豊田通商","東P","6577.0","+112.0(+1.73%)"
"8016","オンワードＨＬＤＧ","東P","769","+10.0(+1.32%)"
"8018","三共生興","東S","829","+16.0(+1.97%)"
"8020","兼松","東P","2088.5","+2.0(+0.10%)"
"8022","美津濃","東P","3775","+80.0(+2.17%)"
"8023","ＤＡＩＫＯ　ＸＴＥＣＨ","東S","993","+15.0(+1.53%)"
"8025","ツカモトコーポレーション","東S","1339","+34.0(+2.61%)"
"8029","ルックＨＬＤＧ","東S","2663","+20.0(+0.76%)"
"8030","中央魚類","東S","3700","+10.0(+0.27%)"
"8031","三井物産","東P","4918.0","+28.0(+0.57%)"
"8032","日本紙パルプ商事","東P","1122","+7.0(+0.63%)"
"8035","東京エレクトロン","東P","50000.0","-5,920.0(-10.59%)"
"8037","カメイ","東P","3790","+0.0(+0.00%)"
"8039","築地魚市場","東S","3475","+30.0(+0.87%)"
"8040","東京ソワール","東S","1040","-7.0(-0.67%)"
"8041","ＯＵＧ　ＨＬＤＧ","東S","4455","-55.0(-1.22%)"
"8043","スターゼン","東P","1398","+50.0(+3.71%)"
"8045","横浜丸魚","東S","2033","-26.0(-1.26%)"
"8046","丸藤シートパイル","東S","891","+0.0(+0.00%)"
"8050","セイコーグループ","東P","6910","-540.0(-7.25%)"
"8051","山善","東P","1810","+56.0(+3.19%)"
"8052","椿本興業","東P","2891","+31.0(+1.08%)"
"8053","住友商事","東P","1599.0","+7.5(+0.47%)"
"8056","ＢＩＰＲＯＧＹ","東P","5084.0","+161.0(+3.27%)"
"8057","内田洋行","東P","2227","+19.0(+0.86%)"
"8058","三菱商事","東P","4819.0","+43.0(+0.90%)"
"8059","第一実業","東P","3475","+0.0(+0.00%)"
"8060","キヤノンマーケティングジャパン","東P","3639.0","+92.0(+2.59%)"
"8061","西華産業","東P","2498","-50.0(-1.96%)"
"8065","佐藤商事","東P","2932","-41.0(-1.38%)"
"8066","三谷商事","東S","2877","+75.0(+2.68%)"
"8070","東京産業","東P","836","+3.0(+0.36%)"
"8074","ＹＵＡＳＡ","東P","5770","+90.0(+1.58%)"
"8075","神鋼商事","東P","2570","+12.0(+0.47%)"
"8076","カノークス","東S","2073","+11.0(+0.53%)"
"8077","トルク","東S","208","-1.0(-0.48%)"
"8078","阪和興業","東P","1701","+3.0(+0.18%)"
"8079","正栄食品工業","東P","4585","+45.0(+0.99%)"
"8081","カナデン","東P","2434","-43.0(-1.74%)"
"8084","ＲＹＯＤＥＮ","東P","4145","+65.0(+1.59%)"
"8085","ナラサキ産業","東S","4245","+50.0(+1.19%)"
"8086","ニプロ","東P","1669.0","+42.0(+2.58%)"
"8088","岩谷産業","東P","2045.0","+75.5(+3.83%)"
"8089","ナイス","東S","1900","-9.0(-0.47%)"
"8091","ニチモウ","東P","2384","+43.0(+1.84%)"
"8093","極東貿易","東P","1769","-11.0(-0.62%)"
"8095","アステナＨＬＤＧ","東P","511","+3.0(+0.59%)"
"8097","三愛オブリ","東P","2358","+18.0(+0.77%)"
"8098","稲畑産業","東P","4025","+10.0(+0.25%)"
"8101","ＧＳＩクレオス","東P","2745","+22.0(+0.81%)"
"8103","明和産業","東P","926","+10.0(+1.09%)"
"8104","クワザワＨＬＤＧ","東S","679","-8.0(-1.16%)"
"8105","Ｂｉｔｃｏｉｎ　Ｊａｐａｎ","東S","88","-8.0(-8.33%)"
"8107","キムラタン","東S","31","+0.0(+0.00%)"
"8111","ゴールドウイン","東P","2426.0","+54.0(+2.28%)"
"8113","ユニ・チャーム","東P","1050.5","+46.0(+4.58%)"
"8115","ムーンバット","東S","1564","+13.0(+0.84%)"
"8117","中央自動車工業","東S","2017","-61.0(-2.94%)"
"8118","キング","東S","1238","+20.0(+1.64%)"
"8119","三栄コーポレーション","東S","788","-7.0(-0.88%)"
"8123","川辺","東S","1358","-1.0(-0.07%)"
"8125","ワキタ","東P","1927","+37.0(+1.96%)"
"8127","ヤマトインターナショナル","東S","593","+2.0(+0.34%)"
"8129","東邦ＨＬＤＧ","東P","4318.0","+98.0(+2.32%)"
"8130","サンゲツ","東P","3145","+40.0(+1.29%)"
"8131","ミツウロコグループＨＬＤＧ","東S","2143","+73.0(+3.53%)"
"8132","シナネンＨＬＤＧ","東P","6900","+380.0(+5.83%)"
"8133","伊藤忠エネクス","東P","2109","+29.0(+1.39%)"
"8135","ゼット","東S","421","-9.0(-2.09%)"
"8136","サンリオ","東P","1343.0","+52.5(+4.07%)"
"8137","サンワテクノス","東P","3670","-40.0(-1.08%)"
"8138","三京化成","東S","4035","+0.0(+0.00%)"
"8139","ナガホリ","東S","2094","-6.0(-0.29%)"
"8141","新光商事","東P","1572","-8.0(-0.51%)"
"8142","トーホー","東P","1420","+15.0(+1.07%)"
"8143","ラピーヌ","東S","142","-2.0(-1.39%)"
"8144","デンキョーグループＨＬＤＧ","東S","1268","-5.0(-0.39%)"
"8147","トミタ","東S","1396","-59.0(-4.05%)"
"8150","三信電気","東P","2865","-9.0(-0.31%)"
"8151","東陽テクニカ","東P","1917","-7.0(-0.36%)"
"8152","ソマール","東S","7500","+50.0(+0.67%)"
"8153","モスフードサービス","東P","4055","+145.0(+3.71%)"
"8154","加賀電子","東P","4305","-25.0(-0.58%)"
"8157","都築電気","東P","4085","+55.0(+1.36%)"
"8158","ソーダニッカ","東P","1177","+6.0(+0.51%)"
"8159","立花エレテック","東P","3310","-10.0(-0.30%)"
"8160","木曽路","東P","2548","+82.0(+3.33%)"
"8163","ＳＲＳ　ＨＬＤＧ","東P","1440","+92.0(+6.82%)"
"8165","千趣会","東S","110","+2.0(+1.85%)"
"8166","タカキュー","東S","78","+0.0(+0.00%)"
"8167","リテールパートナーズ","東P","1402","+20.0(+1.45%)"
"8173","Ｊｏｓｈｉｎ","東P","4060","+20.0(+0.50%)"
"8174","日本瓦斯","東P","2970.5","+37.5(+1.28%)"
"8179","ロイヤルＨＬＤＧ","東P","1373","+65.0(+4.97%)"
"8181","東天紅","東S","1024","+0.0(+0.00%)"
"8185","チヨダ","東P","1023","+17.0(+1.69%)"
"8194","ライフコーポレーション","東P","2587","+45.0(+1.77%)"
"8198","マックスバリュ東海","東S","3370","+60.0(+1.81%)"
"8200","リンガーハット","東P","2428","+57.0(+2.40%)"
"8202","ラオックスＨＬＤＧ","東S","146","+1.0(+0.69%)"
"8203","ＭｒＭａｘＨＤ","東P","814","+22.0(+2.78%)"
"8207","テンアライド","東S","294","+1.0(+0.34%)"
"8214","ＡＯＫＩ　ＨＬＤＧ","東P","1767","+38.0(+2.20%)"
"8217","オークワ","東P","826","+9.0(+1.10%)"
"8218","コメリ","東P","4065","+435.0(+11.98%)"
"8219","青山商事","東P","762","+22.0(+2.97%)"
"8225","タカチホ","東S","3630","+0.0(+0.00%)"
"8226","理経","東S","348","-2.0(-0.57%)"
"8227","しまむら","東P","3571.0","+133.0(+3.87%)"
"8230","はせがわ","東S","317","-1.0(-0.31%)"
"8233","高島屋","東P","2377.5","+60.0(+2.59%)"
"8237","松屋","東P","1813","+1.0(+0.06%)"
"8242","エイチ・ツー・オー　リテイリン","東P","2950.0","+65.5(+2.27%)"
"8244","近鉄百貨店","東S","1917","+55.0(+2.95%)"
"8247","大和","東S","297","-2.0(-0.67%)"
"8252","丸井グループ","東P","3095.0","+79.0(+2.62%)"
"8253","クレディセゾン","東P","4663.0","+114.0(+2.51%)"
"8254","さいか屋","東S","315","+31.0(+10.92%)"
"8255","アクシアル　リテイリング","東P","1280","+34.0(+2.73%)"
"8260","井筒屋","東S","370","-11.0(-2.89%)"
"8267","イオン","東P","1439.5","+19.5(+1.37%)"
"8273","イズミ","東P","1056","+25.0(+2.42%)"
"8275","フォーバル","東S","1015","+5.0(+0.50%)"
"8276","平和堂","東P","2752","+64.0(+2.38%)"
"8278","フジ","東P","2102","+50.0(+2.44%)"
"8281","ゼビオＨＬＤＧ","東P","1138","+26.0(+2.34%)"
"8282","ケーズＨＬＤＧ","東P","1983.0","+61.0(+3.17%)"
"8283","ＰＡＬＴＡＣ","東P","6630","-10.0(-0.15%)"
"8285","三谷産業","東S","685","+0.0(+0.00%)"
"8291","日産東京販売ＨＬＤＧ","東S","557","+0.0(+0.00%)"
"8303","ＳＢＩ新生銀行","東P","1425.5","-16.0(-1.11%)"
"8304","あおぞら銀行","東P","3074.0","-15.0(-0.49%)"
"8306","三菱ＵＦＪ　ＦＧ","東P","3647.0","-14.0(-0.38%)"
"8308","りそなＨＬＤＧ","東P","2245.5","-19.5(-0.86%)"
"8309","三井住友トラストグループ","東P","6842.0","+73.0(+1.08%)"
"8316","三井住友ＦＧ","東P","6876.0","-58.0(-0.84%)"
"8331","千葉銀行","東P","2685.5","-16.5(-0.61%)"
"8334","群馬銀行","東P","2510.0","-61.0(-2.37%)"
"8336","武蔵野銀行","東P","2627","-79.0(-2.92%)"
"8337","千葉興業銀行","東P","2609","-68.0(-2.54%)"
"8338","筑波銀行","東P","622","-38.0(-5.76%)"
"8341","七十七銀行","東P","3489.0","-91.0(-2.54%)"
"8343","秋田銀行","東P","7270","-320.0(-4.22%)"
"8344","山形銀行","東P","3865","-155.0(-3.86%)"
"8345","岩手銀行","東P","2170","-108.0(-4.74%)"
"8346","東邦銀行","東P","864","-34.0(-3.79%)"
"8349","東北銀行","東S","1463","-27.0(-1.81%)"
"8354","ふくおかＦＧ","東P","7457.0","-93.0(-1.23%)"
"8358","スルガ銀行","東P","2631","-36.0(-1.35%)"
"8359","八十二長野銀行","東P","2532.0","-77.5(-2.97%)"
"8360","山梨中央銀行","東P","6480","-420.0(-6.09%)"
"8361","大垣共立銀行","東P","7340","-510.0(-6.50%)"
"8362","福井銀行","東P","5780","-230.0(-3.83%)"
"8364","清水銀行","東P","2733","-42.0(-1.51%)"
"8365","富山銀行","東S","2301","-61.0(-2.58%)"
"8366","滋賀銀行","東P","2449","-157.0(-6.02%)"
"8367","南都銀行","東P","1757","-137.0(-7.23%)"
"8368","百五銀行","東P","1915","-121.0(-5.94%)"
"8370","紀陽銀行","東P","4805","-95.0(-1.94%)"
"8377","ほくほくＦＧ","東P","7588.0","-108.0(-1.40%)"
"8381","山陰合同銀行","東P","2424","-54.0(-2.18%)"
"8383","鳥取銀行","東S","1767","-7.0(-0.39%)"
"8386","百十四銀行","東P","2790","-134.0(-4.58%)"
"8387","四国銀行","東P","3340","-120.0(-3.47%)"
"8388","阿波銀行","東P","8370","-400.0(-4.56%)"
"8392","大分銀行","東P","2562","-187.0(-6.80%)"
"8393","宮崎銀行","東P","2327","-119.0(-4.87%)"
"8395","佐賀銀行","東P","5580","-240.0(-4.12%)"
"8399","琉球銀行","東P","2926","-99.0(-3.27%)"
"8410","セブン銀行","東P","333.5","+12.8(+3.99%)"
"8411","みずほＦＧ","東P","8112.0","-98.0(-1.19%)"
"8416","高知銀行","東S","1101","-39.0(-3.42%)"
"8418","山口ＦＧ","東P","3000.0","-58.0(-1.90%)"
"8424","芙蓉総合リース","東P","4591.0","+109.0(+2.43%)"
"8425","みずほリース","東P","1368","+30.0(+2.24%)"
"8439","東京センチュリー","東P","2725.0","+41.5(+1.55%)"
"8473","ＳＢＩ　ＨＬＤＧ","東P","2852.0","+34.0(+1.21%)"
"8508","Ｊトラスト","東S","767","-24.0(-3.03%)"
"8511","日本証券金融","東P","2430","-7.0(-0.29%)"
"8518","日本アジア投資","東S","127","-1.0(-0.78%)"
"8522","名古屋銀行","東P","6460","-270.0(-4.01%)"
"8524","北洋銀行","東P","1174","-37.0(-3.06%)"
"8537","大光銀行","東S","2619","-206.0(-7.29%)"
"8541","愛媛銀行","東P","2793","-139.0(-4.74%)"
"8542","トマト銀行","東S","1644","-5.0(-0.30%)"
"8544","京葉銀行","東P","2744","-75.0(-2.66%)"
"8550","栃木銀行","東P","956","-55.0(-5.44%)"
"8551","北日本銀行","東P","6680","-170.0(-2.48%)"
"8558","東和銀行","東P","1363","-38.0(-2.71%)"
"8562","福島銀行","東S","339","-8.0(-2.31%)"
"8563","大東銀行","東S","1020","-22.0(-2.11%)"
"8566","リコーリース","東P","6860","+130.0(+1.93%)"
"8570","イオンフィナンシャルサービス","東P","1583.0","+9.0(+0.57%)"
"8572","アコム","東S","494.0","+5.4(+1.11%)"
"8584","ジャックス","東P","3820","+65.0(+1.73%)"
"8585","オリエントコーポレーション","東P","930","+21.0(+2.31%)"
"8591","オリックス","東P","6496.0","+96.0(+1.50%)"
"8593","三菱ＨＣキャピタル","東P","1518.0","+51.0(+3.48%)"
"8595","ジャフコ　グループ","東P","2280.0","+27.0(+1.20%)"
"8596","九州リースサービス","東S","1560","+59.0(+3.93%)"
"8600","トモニＨＬＤＧ","東P","1011","-26.0(-2.51%)"
"8601","大和証券グループ本社","東P","1838.5","+2.5(+0.14%)"
"8604","野村ＨＬＤＧ","東P","1572.5","+1.5(+0.10%)"
"8609","岡三証券グループ","東P","1034","-5.0(-0.48%)"
"8613","丸三証券","東P","1142","+14.0(+1.24%)"
"8614","東洋証券","東P","670","+3.0(+0.45%)"
"8616","東海東京フィナンシャルＨＬＤＧ","東P","794","-2.0(-0.25%)"
"8617","光世証券","東S","547","-4.0(-0.73%)"
"8622","水戸証券","東P","787","+12.0(+1.55%)"
"8624","いちよし証券","東P","1469","-28.0(-1.87%)"
"8628","松井証券","東P","1105","-1.0(-0.09%)"
"8630","ＳＯＭＰＯ　ＨＬＤＧ","東P","7361.0","+97.0(+1.34%)"
"8697","日本取引所グループ","東P","2290.0","+49.0(+2.19%)"
"8698","マネックスグループ","東P","729","+17.0(+2.39%)"
"8699","ＨＳＨＬＤＧ","東S","1188","+24.0(+2.06%)"
"8700","丸八証券","東S","1953","-41.0(-2.06%)"
"8704","トレイダーズＨＬＤＧ","東S","1209","-33.0(-2.66%)"
"8705","日産証券グループ","東S","218","-2.0(-0.91%)"
"8706","極東証券","東P","1809","+70.0(+4.03%)"
"8707","岩井コスモＨＬＤＧ","東P","4055","-80.0(-1.93%)"
"8708","アイザワ証券グループ","東P","1679","+79.0(+4.94%)"
"8713","フィデアＨＬＤＧ","東P","2148","-14.0(-0.65%)"
"8714","池田泉州ＨＬＤＧ","東P","981","-80.0(-7.54%)"
"8715","アニコムＨＤ","東P","1220","+30.0(+2.52%)"
"8725","ＭＳ＆ＡＤインシュアランスＨＤ","東P","5050.0","+11.0(+0.22%)"
"8729","ソニーフィナンシャルグループ","東P","160.0","+3.9(+2.50%)"
"8737","あかつき本社","東S","598","-3.0(-0.50%)"
"8739","スパークス・グループ","東P","2268","+40.0(+1.80%)"
"8742","小林洋行","東S","550","-1.0(-0.18%)"
"8746","ｕｎｂａｎｋｅｄ","東S","97","+0.0(+0.00%)"
"8747","豊トラスティ証券","東S","2288","-63.0(-2.68%)"
"8750","第一ライフグループ","東P","1936.0","+33.5(+1.76%)"
"8766","東京海上ＨＬＤＧ","東P","8393.0","+159.0(+1.93%)"
"8769","アドバンテッジリスクマネジメン","東S","520","+18.0(+3.59%)"
"8771","イー・ギャランティ","東P","1880","+28.0(+1.51%)"
"8772","アサックス","東S","832","-1.0(-0.12%)"
"8783","ａｂｃ","東S","60","-1.0(-1.64%)"
"8789","フィンテック　グローバル","東S","132","+1.0(+0.76%)"
"8793","ＮＥＣキャピタルソリューション","東P","4205","+95.0(+2.31%)"
"8795","Ｔ＆Ｄ　ＨＬＤＧ","東P","5080.0","+48.0(+0.95%)"
"8798","アドバンスクリエイト","東P","127","+1.0(+0.79%)"
"8801","三井不動産","東P","1627.0","+31.5(+1.97%)"
"8802","三菱地所","東P","4100.0","+50.0(+1.23%)"
"8803","平和不動産","東P","2412","+16.0(+0.67%)"
"8804","東京建物","東P","3528.0","+37.0(+1.06%)"
"8818","京阪神ビルディング","東P","1118","+8.0(+0.72%)"
"8830","住友不動産","東P","3742.0","+11.0(+0.29%)"
"8835","太平洋興発","東S","800","+7.0(+0.88%)"
"8836","ＲＩＳＥ","東S","27","+1.0(+3.85%)"
"8841","テーオーシー","東S","904","-9.0(-0.99%)"
"8844","コスモスイニシア","東S","1348","+19.0(+1.43%)"
"8848","レオパレス２１","東P","696","+27.0(+4.04%)"
"8850","スターツコーポレーション","東P","4885","+60.0(+1.24%)"
"8860","フジ住宅","東P","768","+4.0(+0.52%)"
"8864","空港施設","東S","1038","+28.0(+2.77%)"
"8869","明和地所","東S","846","+16.0(+1.93%)"
"8871","ゴールドクレスト","東S","3400","+40.0(+1.19%)"
"8876","リログループ","東P","2091.5","+45.5(+2.22%)"
"8877","エスリード","東P","5330","+90.0(+1.72%)"
"8881","日神グループＨＬＤＧ","東P","686","+6.0(+0.88%)"
"8887","シーラＨＬＤＧ","東S","374","-1.0(-0.27%)"
"8891","ＡＭＧＨＬＤＧ","東S","2099","-10.0(-0.47%)"
"8892","エスコン","東P","1115","-3.0(-0.27%)"
"8894","ＲＥＶＯＬＵＴＩＯＮ","東S","23","+0.0(+0.00%)"
"8897","ＭＩＲＡＲＴＨＨＬＤＧ","東P","419","+7.0(+1.70%)"
"8898","センチュリー２１・ジャパン","東S","1130","+2.0(+0.18%)"
"8904","ＡＶＡＮＴＩＡ","東S","856","+6.0(+0.71%)"
"8908","毎日コムネット","東S","874","+2.0(+0.23%)"
"8912","エリアクエスト","東S","150","-1.0(-0.66%)"
"8914","エリアリンク","東S","1005","+52.0(+5.46%)"
"8917","ファースト住建","東S","1159","+21.0(+1.85%)"
"8918","ランド","東S","10","+0.0(+0.00%)"
"8919","カチタス","東P","3420","+95.0(+2.86%)"
"8920","東祥","東S","782","+13.0(+1.69%)"
"8923","トーセイ","東P","1817","+27.0(+1.51%)"
"8927","明豊エンタープライズ","東S","463","+2.0(+0.43%)"
"8928","穴吹興産","東S","2274","+30.0(+1.34%)"
"8929","青山財産ネットワークス","東S","1294","+16.0(+1.25%)"
"8931","和田興産","東S","1440","+9.0(+0.63%)"
"8934","サンフロンティア不動産","東P","2582","+34.0(+1.33%)"
"8935","ＦＪネクストＨＬＤＧ","東P","1883","+38.0(+2.06%)"
"8938","グロームＨＬＤＧ","東G","346","+5.0(+1.47%)"
"8944","ランドビジネス","東S","244","+1.0(+0.41%)"
"8945","サンネクスタグループ","東S","1092","-2.0(-0.18%)"
"8946","ＡＳＩＡＮ　ＳＴＡＲ","東S","77","+1.0(+1.32%)"
"8995","誠建設工業","東S","969","-124.0(-11.34%)"
"8996","ハウスフリーダム","東S","1031","+0.0(+0.00%)"
"8999","グランディハウス","東P","551","+7.0(+1.29%)"
"9001","東武鉄道","東P","3198.0","+67.0(+2.14%)"
"9003","相鉄ＨＬＤＧ","東P","2710.0","+46.5(+1.75%)"
"9005","東急","東P","1846.5","+45.0(+2.50%)"
"9006","京浜急行電鉄","東P","1651.5","+31.5(+1.94%)"
"9007","小田急電鉄","東P","1855.0","+48.0(+2.66%)"
"9008","京王電鉄","東P","840.8","+22.5(+2.75%)"
"9009","京成電鉄","東P","1330.5","+23.5(+1.80%)"
"9010","富士急行","東P","2809","+68.0(+2.48%)"
"9012","秩父鉄道","東S","2110","+10.0(+0.48%)"
"9017","新潟交通","東S","2000","-4.0(-0.20%)"
"9020","東日本旅客鉄道","東P","3935.0","+106.0(+2.77%)"
"9021","西日本旅客鉄道","東P","3219.0","+91.0(+2.91%)"
"9022","東海旅客鉄道","東P","4243.0","+153.0(+3.74%)"
"9023","東京地下鉄","東P","1518.0","+35.5(+2.39%)"
"9024","西武ＨＬＤＧ","東P","3761.0","+48.0(+1.29%)"
"9025","鴻池運輸","東P","3025","+53.0(+1.78%)"
"9028","ゼロ","東S","3625","+25.0(+0.69%)"
"9029","ヒガシＨＬＤＧ","東S","1916","-65.0(-3.28%)"
"9031","西日本鉄道","東P","3245.0","+61.0(+1.92%)"
"9033","広島電鉄","東S","622","-2.0(-0.32%)"
"9034","南総通運","東S","1598","-17.0(-1.05%)"
"9036","東部ネットワーク","東S","1338","-17.0(-1.25%)"
"9037","ハマキョウレックス","東P","1835","+5.0(+0.27%)"
"9039","サカイ引越センター","東P","3065","+35.0(+1.16%)"
"9041","近鉄グループＨＬＤＧ","東P","3648.0","+85.0(+2.39%)"
"9042","阪急阪神ＨＬＤＧ","東P","5111.0","+148.0(+2.98%)"
"9044","ＮＡＮＫＡＩ","東P","3170.0","+90.0(+2.92%)"
"9045","京阪ＨＬＤＧ","東P","3434.0","+75.0(+2.23%)"
"9046","神戸電鉄","東S","2525","+44.0(+1.77%)"
"9048","名古屋鉄道","東P","1994.5","+49.5(+2.54%)"
"9049","京福電気鉄道","東S","-","- (-%)"
"9051","センコン物流","東S","1300","-3.0(-0.23%)"
"9052","山陽電気鉄道","東P","2075","+51.0(+2.52%)"
"9057","遠州トラック","東S","3190","+5.0(+0.16%)"
"9059","カンダＨＬＤＧ","東S","885","+1.0(+0.11%)"
"9060","日本ロジテム","東S","4225","+35.0(+0.84%)"
"9063","岡山県貨物運送","東S","-","- (-%)"
"9064","ヤマトＨＬＤＧ","東P","2180.0","+61.0(+2.88%)"
"9065","山九","東P","9456.0","+48.0(+0.51%)"
"9068","丸全昭和運輸","東P","7800","+90.0(+1.17%)"
"9069","センコーグループＨＬＤＧ","東P","2261.5","+65.5(+2.98%)"
"9072","ニッコンＨＬＤＧ","東P","5030.0","+9.0(+0.18%)"
"9073","京極運輸商事","東S","1240","+5.0(+0.40%)"
"9074","日本石油輸送","東S","5200","-230.0(-4.24%)"
"9075","福山通運","東P","6140","+0.0(+0.00%)"
"9076","セイノーＨＬＤＧ","東P","2714.5","-10.5(-0.39%)"
"9081","神奈川中央交通","東P","4070","+80.0(+2.01%)"
"9082","大和自動車交通","東S","1770","+45.0(+2.61%)"
"9083","神姫バス","東S","1961","-6.0(-0.31%)"
"9087","タカセ","東S","2000","+40.0(+2.04%)"
"9090","ＡＺ−ＣＯＭ丸和ＨＬＤＧ","東P","950","+16.0(+1.71%)"
"9101","日本郵船","東P","6141.0","+121.0(+2.01%)"
"9104","商船三井","東P","5953.0","+90.0(+1.54%)"
"9107","川崎汽船","東P","2855.0","+39.5(+1.40%)"
"9110","ＮＳユナイテッド海運","東P","7600","+100.0(+1.33%)"
"9115","明海グループ","東S","796","-55.0(-6.46%)"
"9119","飯野海運","東P","1509","-1.0(-0.07%)"
"9127","玉井商船","東S","2808","+28.0(+1.01%)"
"9130","共栄タンカー","東S","1399","-31.0(-2.17%)"
"9142","九州旅客鉄道","東P","3811.0","+27.0(+0.71%)"
"9143","ＳＧ　ＨＬＤＧ","東P","1660.0","+35.5(+2.19%)"
"9145","ビーイングＨＬＤＧ","東S","570","+2.0(+0.35%)"
"9147","ＮＩＰＰＯＮ　ＥＸＰＲＥＳＳ","東P","5372.0","+5.0(+0.09%)"
"9158","シーユーシー","東G","779","+8.0(+1.04%)"
"9159","Ｗ　ＴＯＫＹＯ","東G","1880","-16.0(-0.84%)"
"9160","オンザページ","東S","302","-2.0(-0.66%)"
"9162","ブリーチ","東G","228","-4.0(-1.72%)"
"9163","ナレルグループ","東G","2355","+53.0(+2.30%)"
"9165","クオルテック","東G","1715","+20.0(+1.18%)"
"9166","ＧＥＮＤＡ","東G","587","-1.0(-0.17%)"
"9168","ライズ・コンサルティング・グル","東G","409","+6.0(+1.49%)"
"9171","栗林商船","東S","1698","+53.0(+3.22%)"
"9173","東海汽船","東S","2925","-1.0(-0.03%)"
"9193","東京汽船","東S","854","-1.0(-0.12%)"
"9201","日本航空","東P","3048.0","+59.5(+1.99%)"
"9202","ＡＮＡ　ＨＬＤＧ","東P","3221.0","+81.0(+2.58%)"
"9204","スカイマーク","東G","410","-2.0(-0.49%)"
"9206","スターフライヤー","東S","1926","+0.0(+0.00%)"
"9211","エフ・コード","東G","1310","-27.0(-2.02%)"
"9212","Ｇｒｅｅｎ　Ｅａｒｔｈ　Ｉｎｓ","東G","259","-9.0(-3.36%)"
"9213","セイファート","東S","1050","+0.0(+0.00%)"
"9214","Ｒｅｃｏｖｅｒｙ　Ｉｎｔｅｒｎ","東G","1280","+20.0(+1.59%)"
"9215","ＣａＳｙ","東G","931","-2.0(-0.21%)"
"9216","ビーウィズ","東P","1629","+19.0(+1.18%)"
"9218","メンタルヘルステクノロジーズ","東G","740","-2.0(-0.27%)"
"9219","ギックス","東G","865","-7.0(-0.80%)"
"9220","エフビー介護サービス","東S","1238","+16.0(+1.31%)"
"9221","フルハシＥＰＯ","東S","1271","+24.0(+1.92%)"
"9223","ＡＳＮＯＶＡ","東G","433","+12.0(+2.85%)"
"9225","ブリッジコンサルティンググルー","東G","-","- (-%)"
"9227","マイクロ波化学","東G","922","+105.0(+12.85%)"
"9229","サンウェルズ","東P","124","-2.0(-1.59%)"
"9233","アジア航測","東S","1147","+26.0(+2.32%)"
"9235","売れるネット広告社グループ","東G","487","-9.0(-1.81%)"
"9236","ジャパンＭ＆Ａソリューション","東G","1150","+67.0(+6.19%)"
"9237","笑美面","東G","827","-7.0(-0.84%)"
"9238","バリュークリエーション","東G","391","-10.0(-2.49%)"
"9240","デリバリーコンサルティング","東G","396","-1.0(-0.25%)"
"9241","フューチャーリンクネットワーク","東G","1356","-36.0(-2.59%)"
"9242","メディア総研","東G","2002","-18.0(-0.89%)"
"9244","デジタリフト","東G","1244","+15.0(+1.22%)"
"9245","リベロ","東G","2040","+40.0(+2.00%)"
"9246","プロジェクトＨＬＤＧ","東G","1057","+6.0(+0.57%)"
"9247","TRE ＨＬＤＧ","東P","1976","-1.0(-0.05%)"
"9248","人・夢・技術グループ","東S","1594","+24.0(+1.53%)"
"9249","日本エコシステム","東S","1611","-13.0(-0.80%)"
"9250","ＧＲＣＳ","東G","885","-2.0(-0.23%)"
"9251","ＡＢ＆Ｃｏｍｐａｎｙ","東G","1376","+20.0(+1.47%)"
"9252","ラストワンマイル","東G","3805","-45.0(-1.17%)"
"9253","スローガン","東G","717","+0.0(+0.00%)"
"9254","ラバブルマーケティンググループ","東G","1158","+23.0(+2.03%)"
"9256","サクシード","東G","1446","-400.0(-21.67%)"
"9257","ＹＣＰＨＬＤＧ（グローバル）","東G","440","-10.0(-2.22%)"
"9258","ＣＳ−Ｃ","東G","329","+5.0(+1.54%)"
"9259","タカヨシＨＬＤＧ","東G","863","-13.0(-1.48%)"
"9262","シルバーライフ","東S","675","+16.0(+2.43%)"
"9264","ポエック","東S","1709","-1.0(-0.06%)"
"9265","ヤマシタヘルスケアＨＬＤＧ","東S","3480","-40.0(-1.14%)"
"9267","Ｇｅｎｋｙ　ＤｒｕｇＳｔｏｒｅ","東P","4155","+140.0(+3.49%)"
"9268","オプティマスグループ","東S","404","+1.0(+0.25%)"
"9270","バリュエンスＨＬＤＧ","東G","1838","+0.0(+0.00%)"
"9271","和心","東G","972","-12.0(-1.22%)"
"9272","ブティックス","東G","1487","+42.0(+2.91%)"
"9273","コーア商事ＨＬＤＧ","東P","789","+17.0(+2.20%)"
"9274","ＫＰＰグループＨＬＤＧ","東P","1098","+6.0(+0.55%)"
"9278","ブックオフグループＨＬＤＧ","東P","2858","+125.0(+4.57%)"
"9279","ギフトＨＬＤＧ","東P","5060","+95.0(+1.91%)"
"9301","三菱倉庫","東P","1614.0","-19.5(-1.19%)"
"9302","三井倉庫ＨＬＤＧ","東P","3673.0","+11.0(+0.30%)"
"9303","住友倉庫","東P","4140","+85.0(+2.10%)"
"9304","澁澤倉庫","東P","1706","-21.0(-1.22%)"
"9305","ヤマタネ","東P","2182","+42.0(+1.96%)"
"9306","東陽倉庫","東S","2015","-24.0(-1.18%)"
"9307","杉村倉庫","東S","1040","+19.0(+1.86%)"
"9308","乾汽船","東S","1875","+3.0(+0.16%)"
"9310","日本トランスシティ","東P","1377","+35.0(+2.61%)"
"9311","アサガミ","東S","-","- (-%)"
"9312","ケイヒン","東S","2847","+1.0(+0.04%)"
"9313","丸八倉庫","東S","1072","+16.0(+1.52%)"
"9319","中央倉庫","東P","1871","+32.0(+1.74%)"
"9322","川西倉庫","東S","2400","-14.0(-0.58%)"
"9324","安田倉庫","東P","2588","-14.0(-0.54%)"
"9325","ファイズＨＬＤＧ","東S","1130","-8.0(-0.70%)"
"9326","関通ＨＬＤＧ","東G","488","-1.0(-0.20%)"
"9327","イー・ロジット","東S","182","-3.0(-1.62%)"
"9330","揚羽","東G","865","-9.0(-1.03%)"
"9331","キャスター","東G","734","-10.0(-1.34%)"
"9332","ＮＩＳＳＯＨＬＤＧ","東P","644","+16.0(+2.55%)"
"9336","大栄環境","東P","3915","+120.0(+3.16%)"
"9337","トリドリ","東G","1614","-52.0(-3.12%)"
"9339","コーチ・エィ","東S","1405","+43.0(+3.16%)"
"9340","アソインターナショナル","東S","712","-3.0(-0.42%)"
"9341","ＧＥＮＯＶＡ","東P","640","+9.0(+1.43%)"
"9342","スマサポ","東G","884","+0.0(+0.00%)"
"9343","アイビス","東G","781","+6.0(+0.77%)"
"9344","アクシスコンサルティング","東G","924","-1.0(-0.11%)"
"9345","ビズメイツ","東G","649","-1.0(-0.15%)"
"9346","ココルポート","東G","1648","-2.0(-0.12%)"
"9347","日本管財ＨＬＤＧ","東P","2873","+54.0(+1.92%)"
"9348","ｉｓｐａｃｅ","東G","400","-8.0(-1.96%)"
"9351","東洋埠頭","東S","1821","-2.0(-0.11%)"
"9353","櫻島埠頭","東S","2960","+0.0(+0.00%)"
"9355","リンコーコーポレーション","東S","-","- (-%)"
"9360","鈴与シンワート","東S","2940","-10.0(-0.34%)"
"9361","伏木海陸運送","東S","-","- (-%)"
"9362","兵機海運","東S","-","- (-%)"
"9363","大運","東S","522","+2.0(+0.38%)"
"9364","上組","東P","5282.0","+34.0(+0.65%)"
"9365","トレーディア","東S","1688","+36.0(+2.18%)"
"9366","サンリツ","東S","1004","-16.0(-1.57%)"
"9367","大東港運","東S","1881","+1.0(+0.05%)"
"9368","キムラユニティー","東S","909","+0.0(+0.00%)"
"9369","キユーソー流通システム","東S","2910","+13.0(+0.45%)"
"9376","ユーラシア旅行社","東S","808","-1.0(-0.12%)"
"9380","東海運","東S","416","+4.0(+0.97%)"
"9381","エーアイテイー","東P","2362","+33.0(+1.42%)"
"9385","ショーエイコーポレーション","東S","768","+0.0(+0.00%)"
"9399","ビートＨＬＤＧ","東S","13","+0.0(+0.00%)"
"9401","ＴＢＳＨＬＤＧ","東P","6358.0","+81.0(+1.29%)"
"9404","日本テレビＨＬＤＧ","東P","3055.0","+87.5(+2.95%)"
"9405","朝日放送グループＨＬＤＧ","東P","855","+15.0(+1.79%)"
"9408","ＢＳＮメディアＨＬＤＧ","東S","-","- (-%)"
"9409","テレビ朝日ＨＬＤＧ","東P","3265","+70.0(+2.19%)"
"9412","スカパーＪＳＡＴ","東P","2040","-133.0(-6.12%)"
"9413","テレビ東京ＨＬＤＧ","東P","3675","+35.0(+0.96%)"
"9414","日本ＢＳ放送","東S","918","-3.0(-0.33%)"
"9416","ビジョン","東P","1049","+26.0(+2.54%)"
"9417","スマートバリュー","東S","332","+1.0(+0.30%)"
"9418","Ｕ−ＮＥＸＴ　ＨＬＤＧ","東P","1795","+53.0(+3.04%)"
"9419","ワイヤレスゲート","東S","287","+0.0(+0.00%)"
"9421","エヌジェイＨＬＤＧ","東S","500","+2.0(+0.40%)"
"9423","フォーバル・リアルストレート","東S","103","+0.0(+0.00%)"
"9424","日本通信","東P","114","+2.0(+1.79%)"
"9425","ＲｅＹｕｕ　Ｊａｐａｎ","東S","187","-15.0(-7.43%)"
"9428","クロップス","東S","1330","+1.0(+0.08%)"
"9432","ＮＴＴ","東P","160.3","+3.9(+2.49%)"
"9433","ＫＤＤＩ","東P","3108.0","+115.0(+3.84%)"
"9434","ソフトバンク","東P","235.9","+5.1(+2.21%)"
"9435","光通信","東P","40270.0","+1,700.0(+4.41%)"
"9436","沖縄セルラー電話","東S","3735","-60.0(-1.58%)"
"9438","エムティーアイ","東P","639","+20.0(+3.23%)"
"9439","エム・エイチ・グループ","東S","227","+3.0(+1.34%)"
"9441","ベルパーク","東S","2837","+10.0(+0.35%)"
"9444","トーシンＨＬＤＧ","東S","223","-7.0(-3.04%)"
"9445","フォーバルテレコム","東S","540","+6.0(+1.12%)"
"9446","サカイＨＬＤＧ","東S","687","+2.0(+0.29%)"
"9449","ＧＭＯインターネットグループ","東P","4258.0","+158.0(+3.85%)"
"9450","ファイバーゲート","東S","775","+7.0(+0.91%)"
"9466","アイドママーケティングコミュニ","東S","224","+0.0(+0.00%)"
"9467","アルファポリス","東G","1103","+65.0(+6.26%)"
"9468","ＫＡＤＯＫＡＷＡ","東P","3620.0","+54.0(+1.51%)"
"9470","学研ＨＬＤＧ","東P","1039","+17.0(+1.66%)"
"9474","ゼンリン","東P","956","+12.0(+1.27%)"
"9475","昭文社ＨＬＤＧ","東S","503","+3.0(+0.60%)"
"9476","中央経済社ＨＬＤＧ","東S","998","-1.0(-0.10%)"
"9478","ＳＥ　Ｈ＆インキュベーションズ","東S","507","+1.0(+0.20%)"
"9501","東京電力ＨＬＤＧ","東P","533.7","+10.1(+1.93%)"
"9502","中部電力","東P","2816.0","-50.0(-1.74%)"
"9503","関西電力","東P","2465.0","+45.0(+1.86%)"
"9504","中国電力","東P","954.0","+6.1(+0.64%)"
"9505","北陸電力","東P","990.8","+35.6(+3.73%)"
"9506","東北電力","東P","1192.5","+29.0(+2.49%)"
"9507","四国電力","東P","1605.5","+14.5(+0.91%)"
"9508","九州電力","東P","1838.5","+18.5(+1.02%)"
"9509","北海道電力","東P","1028.5","+7.5(+0.73%)"
"9511","沖縄電力","東P","940","+9.0(+0.97%)"
"9513","電源開発","東P","3849.0","+29.0(+0.76%)"
"9514","エフオン","東S","329","+4.0(+1.23%)"
"9517","イーレックス","東P","876","+17.0(+1.98%)"
"9519","レノバ","東P","963","-20.0(-2.03%)"
"9531","東京瓦斯","東P","6290.0","+55.0(+0.88%)"
"9532","大阪瓦斯","東P","5616.0","+80.0(+1.45%)"
"9533","東邦瓦斯","東P","1226.0","+18.5(+1.53%)"
"9534","北海道瓦斯","東P","791","+8.0(+1.02%)"
"9535","広島ガス","東P","431","+12.0(+2.86%)"
"9536","西部ガスＨＬＤＧ","東P","2369","+18.0(+0.77%)"
"9537","北陸瓦斯","東S","4500","+160.0(+3.69%)"
"9539","京葉瓦斯","東S","1466","+7.0(+0.48%)"
"9543","静岡ガス","東P","1288","+9.0(+0.70%)"
"9551","メタウォーター","東P","3065","+0.0(+0.00%)"
"9552","クオンツ総研ＨＬＤＧ","東P","922","+19.0(+2.10%)"
"9553","マイクロアド","東G","583","+0.0(+0.00%)"
"9554","ＡＶｉＣ","東G","1536","+1.0(+0.07%)"
"9556","ＩＮＴＬＯＯＰ","東G","1885","-2.0(-0.11%)"
"9557","エアークローゼット","東G","187","+1.0(+0.54%)"
"9558","ジャパニアス","東G","1965","+9.0(+0.46%)"
"9560","プログリット","東G","827","+2.0(+0.24%)"
"9561","グラッドキューブ","東G","395","-4.0(-1.00%)"
"9562","ビジネスコーチ","東G","502","+4.0(+0.80%)"
"9563","Ａｔｌａｓ　Ｔｅｃｈｎｏｌｏｇ","東G","298","-5.0(-1.65%)"
"9564","ＦＣＥ","東S","533","-17.0(-3.09%)"
"9565","ＧＬＯＥ","東G","665","-1.0(-0.15%)"
"9601","松竹","東P","11970","+460.0(+4.00%)"
"9602","東宝","東P","1598.5","+64.5(+4.20%)"
"9603","エイチ・アイ・エス","東P","1093","+42.0(+4.00%)"
"9605","東映","東P","6400","+410.0(+6.84%)"
"9610","ウィルソン・ラーニング　ワール","東S","114","-1.0(-0.87%)"
"9612","ラックランド","東P","1280","+22.0(+1.75%)"
"9616","共立メンテナンス","東P","3370.0","+88.0(+2.68%)"
"9619","イチネンＨＬＤＧ","東P","2410","+35.0(+1.47%)"
"9621","建設技術研究所","東P","2976","-2.0(-0.07%)"
"9622","スペース","東P","1472","+19.0(+1.31%)"
"9625","セレスポ","東S","1080","+0.0(+0.00%)"
"9627","アインＨＬＤＧ","東P","6304.0","+291.0(+4.84%)"
"9628","燦ＨＬＤＧ","東P","1521","+46.0(+3.12%)"
"9629","ピー・シー・エー","東P","1444","-7.0(-0.48%)"
"9632","スバル興業","東S","3660","+65.0(+1.81%)"
"9633","東京テアトル","東S","1640","-6.0(-0.36%)"
"9635","武蔵野興業","東S","2539","+0.0(+0.00%)"
"9636","きんえい","東S","4345","+65.0(+1.52%)"
"9639","三協フロンテア","東S","2320","+44.0(+1.93%)"
"9640","セゾンテクノロジー","東S","2077","-2.0(-0.10%)"
"9644","タナベコンサルティンググループ","東P","775","+9.0(+1.17%)"
"9647","協和コンサルタンツ","東S","6160","-60.0(-0.96%)"
"9651","日本プロセス","東S","1949","+65.0(+3.45%)"
"9656","グリーンランドリゾート","東S","598","-5.0(-0.83%)"
"9658","ビジネスブレイン太田昭和","東P","1085","+30.0(+2.84%)"
"9661","歌舞伎座","東S","4470","+5.0(+0.11%)"
"9663","ナガワ","東P","5420","+220.0(+4.23%)"
"9672","東京都競馬","東P","5080","+70.0(+1.40%)"
"9678","カナモト","東P","5280","+210.0(+4.14%)"
"9679","ホウライ","東S","2348","-41.0(-1.72%)"
"9682","ＤＴＳ","東P","1167","+36.0(+3.18%)"
"9684","スクウェア・エニックスＨＬＤＧ","東P","2923.5","+222.5(+8.24%)"
"9685","ＫＹＣＯＭ　ＨＬＤＧ","東S","574","-1.0(-0.17%)"
"9686","東洋テック","東S","1641","-12.0(-0.73%)"
"9687","ＫＳＫ","東S","4535","-25.0(-0.55%)"
"9691","両毛システムズ","東S","5150","+0.0(+0.00%)"
"9692","シーイーシー","東P","2346","+62.0(+2.71%)"
"9697","カプコン","東P","4229.0","+700.0(+19.84%)"
"9698","クレオ","東S","1288","+33.0(+2.63%)"
"9699","ニシオＨＬＤＧ","東P","4390","+205.0(+4.90%)"
"9701","東京會舘","東S","4200","-30.0(-0.71%)"
"9702","アイ・エス・ビー","東P","2376","+47.0(+2.02%)"
"9704","アゴーラ　ホスピタリティー","東S","32","+1.0(+3.23%)"
"9706","日本空港ビルデング","東P","5785.0","+172.0(+3.06%)"
"9708","帝国ホテル","東S","1000","+4.0(+0.40%)"
"9709","ＮＣＳ＆Ａ","東S","1312","+32.0(+2.50%)"
"9713","ロイヤルホテル","東S","905","+0.0(+0.00%)"
"9715","トランス・コスモス","東P","3925","+130.0(+3.43%)"
"9716","乃村工藝社","東P","1215","+7.0(+0.58%)"
"9720","ホテル、ニューグランド","東S","6170","+40.0(+0.65%)"
"9722","藤田観光","東P","1985","-33.0(-1.64%)"
"9723","京都ホテル","東S","639","+0.0(+0.00%)"
"9726","ＫＮＴ―ＣＴ　ＨＬＤＧ","東S","1918","+29.0(+1.54%)"
"9729","トーカイ","東P","2544","+66.0(+2.66%)"
"9731","白洋舎","東S","3445","+10.0(+0.29%)"
"9733","ナガセ","東S","2347","+42.0(+1.82%)"
"9735","セコム","東P","7172.0","+248.0(+3.58%)"
"9739","ＮＳＷ","東P","2599","+48.0(+1.88%)"
"9740","セントラル警備保障","東P","2917","+141.0(+5.08%)"
"9742","アイネス","東P","2239","+58.0(+2.66%)"
"9743","丹青社","東P","1440","-4.0(-0.28%)"
"9744","メイテックグループＨＬＤＧ","東P","3390.0","+36.0(+1.07%)"
"9746","ＴＫＣ","東P","4050","+140.0(+3.58%)"
"9753","アイエックス・ナレッジ","東S","1259","-24.0(-1.87%)"
"9755","応用地質","東P","2850","+29.0(+1.03%)"
"9757","船井総研ＨＬＤＧ","東P","1165","+30.0(+2.64%)"
"9759","ＮＳＤ","東P","2929.0","+91.0(+3.21%)"
"9760","進学会ＨＬＤＧ","東S","119","+0.0(+0.00%)"
"9761","東海リース","東S","2390","+20.0(+0.84%)"
"9763","丸建リース","東S","1256","-4.0(-0.32%)"
"9765","オオバ","東P","1135","+10.0(+0.89%)"
"9766","コナミグループ","東P","22705.0","+2,565.0(+12.74%)"
"9767","日建工学","東S","1510","-1.0(-0.07%)"
"9768","いであ","東S","3515","+25.0(+0.72%)"
"9769","学究社","東P","2776","+52.0(+1.91%)"
"9778","昴","東S","5700","-80.0(-1.38%)"
"9780","ハリマビステム","東S","924","-3.0(-0.32%)"
"9782","ディーエムエス","東S","3560","+85.0(+2.45%)"
"9788","ナック","東P","545","+6.0(+1.11%)"
"9790","福井コンピュータＨＬＤＧ","東P","3260","+125.0(+3.99%)"
"9791","ビケンテクノ","東S","1201","-5.0(-0.41%)"
"9793","ダイセキ","東P","3860","+15.0(+0.39%)"
"9795","ステップ","東P","2249","+6.0(+0.27%)"
"9799","旭情報サービス","東S","945","-2.0(-0.21%)"
"9812","テーオーＨＬＤＧ","東S","232","+2.0(+0.87%)"
"9816","ストライダーズ","東S","244","-1.0(-0.41%)"
"9818","大丸エナウィン","東S","1527","+12.0(+0.79%)"
"9820","エムティジェネックス","東S","3605","-65.0(-1.77%)"
"9823","マミーマートＨＬＤＧ","東S","1081","+31.0(+2.95%)"
"9824","泉州電業","東P","5840","-140.0(-2.34%)"
"9827","リリカラ","東S","626","+0.0(+0.00%)"
"9828","Ｇｅｎｋｉ　Ｇｌｏｂａｌ　Ｄｉ","東S","3580","+145.0(+4.22%)"
"9830","トラスコ中山","東P","2416","+34.0(+1.43%)"
"9831","ヤマダＨＬＤＧ","東P","764.8","+25.5(+3.45%)"
"9832","オートバックスセブン","東P","1575","+31.0(+2.01%)"
"9835","ジュンテンドー","東S","508","+0.0(+0.00%)"
"9837","モリト","東P","1802","+7.0(+0.39%)"
"9842","アークランズ","東P","1990","+62.0(+3.22%)"
"9843","ニトリＨＬＤＧ","東P","2731.0","+110.5(+4.22%)"
"9845","パーカーコーポレーション","東S","1563","-12.0(-0.76%)"
"9846","天満屋ストア","東S","1004","+1.0(+0.10%)"
"9849","共同紙販ＨＬＤＧ","東S","4515","+0.0(+0.00%)"
"9850","グルメ杵屋","東P","998","+19.0(+1.94%)"
"9853","銀座ルノアール","東S","912","+2.0(+0.22%)"
"9854","愛眼","東S","255","-5.0(-1.92%)"
"9856","ケーユーＨＬＤＧ","東S","1233","+20.0(+1.65%)"
"9857","英和","東S","2509","+24.0(+0.97%)"
"9861","吉野家ＨＬＤＧ","東P","4040.0","+235.0(+6.18%)"
"9867","ソレキア","東S","10160","-100.0(-0.97%)"
"9869","加藤産業","東P","6580","+170.0(+2.65%)"
"9872","北恵","東S","945","+8.0(+0.85%)"
"9876","コックス","東S","232","+1.0(+0.43%)"
"9878","セキド","東S","415","-1.0(-0.24%)"
"9880","イノテック","東P","3005","-90.0(-2.91%)"
"9882","イエローハット","東P","1881","+36.0(+1.95%)"
"9885","シャルレ","東S","333","-1.0(-0.30%)"
"9887","松屋フーズＨＬＤＧ","東P","5270","+170.0(+3.33%)"
"9888","ＵＥＸ","東S","1013","+2.0(+0.20%)"
"9889","ＪＢＣＣ　ＨＬＤＧ","東P","1679","+105.0(+6.67%)"
"9890","マキヤ","東S","1353","+12.0(+0.89%)"
"9895","コンセック","東S","1270","+3.0(+0.24%)"
"9896","ＪＫ　ＨＬＤＧ","東S","1426","+27.0(+1.93%)"
"9900","サガミＨＬＤＧ","東P","2161","+106.0(+5.16%)"
"9902","日伝","東P","2796","-4.0(-0.14%)"
"9903","カンセキ","東S","883","+7.0(+0.80%)"
"9904","ベリテ","東S","259","+3.0(+1.17%)"
"9906","藤井産業","東S","4035","-75.0(-1.82%)"
"9908","日本電計","東S","2609","+8.0(+0.31%)"
"9913","日邦産業","東S","3065","-5.0(-0.16%)"
"9914","植松商会","東S","737","-16.0(-2.12%)"
"9928","ミロク情報サービス","東P","1878","+45.0(+2.45%)"
"9929","平和紙業","東S","471","-2.0(-0.42%)"
"9930","北沢産業","東S","373","-9.0(-2.36%)"
"9932","杉本商事","東P","1358","+84.0(+6.59%)"
"9934","因幡電機産業","東P","2778.5","-3.0(-0.11%)"
"9936","王将フードサービス","東P","3115","+90.0(+2.98%)"
"9941","太洋物産","東S","1242","-12.0(-0.96%)"
"9946","ミニストップ","東P","1883","+28.0(+1.51%)"
"9948","アークス","東P","3730","+70.0(+1.91%)"
"9950","ハチバン","東S","3400","+0.0(+0.00%)"
"9955","ヨンキュウ","東S","2755","+4.0(+0.15%)"
"9956","バローＨＬＤＧ","東P","3420","+75.0(+2.24%)"
"9959","アシードＨＬＤＧ","東S","1019","-31.0(-2.95%)"
"9960","東テク","東P","3780","-150.0(-3.82%)"
"9962","ミスミグループ本社","東P","3518.0","+59.0(+1.71%)"
"9969","ショクブン","東S","236","+1.0(+0.43%)"
"9972","アルテック","東S","276","+0.0(+0.00%)"
"9973","ＫＯＺＯＨＬＤＧ","東S","20","+0.0(+0.00%)"
"9974","ベルク","東P","6880","+260.0(+3.93%)"
"9976","セキチュー","東S","1055","+3.0(+0.29%)"
"9978","文教堂グループＨＬＤＧ","東S","45","+0.0(+0.00%)"
"9979","大庄","東S","1131","+21.0(+1.89%)"
"9980","ＭＲＫ　ＨＬＤＧ","東S","94","+0.0(+0.00%)"
"9982","タキヒヨー","東S","2355","-52.0(-2.16%)"
"9983","ファーストリテイリング","東P","80400.0","+450.0(+0.56%)"
"9984","ソフトバンクグループ","東P","4741.0","-354.0(-6.95%)"
"9986","蔵王産業","東S","2505","+0.0(+0.00%)"
"9987","スズケン","東P","5385.0","+103.0(+1.95%)"
"9989","サンドラッグ","東P","3972.0","+79.0(+2.03%)"
"9990","サックスバー　ＨＬＤＧ","東P","788","+15.0(+1.94%)"
"9991","ジェコス","東P","1698","+49.0(+2.97%)"
"9993","ヤマザワ","東S","1181","+0.0(+0.00%)"
"9994","やまや","東S","2090","+20.0(+0.97%)"
"9996","サトー商会","東S","-","- (-%)"
"9997","ベルーナ","東P","1106","+39.0(+3.66%)"